sample_id	ENG_z	SYN_cof_z	SYN_carb_z	BA_z	TRP_z	PROT_z	MUC_z	HIS_z	TMA_z	UREM_z	IRON_z	LPS_z	ETU_z	HYS_z	ENG_tier	SYN_cof_class	SYN_carb_class	BA_class	TRP_class	PROT_class	MUC_class	HIS_class	TMA_class	UREM_class	IRON_class	LPS_class	ETU_class	HYS_class	cell_3D
sample_001	-0.14754950863978697	0.03853034206023116	0.6947612491567728	-0.3150966001635798	0.19518459958407383	-1.0169505433799813	1.0085474904374447	-0.2829209491491751	-0.010286977999775071	-0.04353347782606324	0.3496536055951194	0.15745990330940124	-0.5547175008059686	1.037096648487128	T3_ALTERED	SYN_PARTIAL	SYN_carb_RESILIENT	BA_LOW	TRP_MID	PROT_LOW	MUC_HIGH	HIS_MID	TMA_MID	UREM_MID	IRON_MID	LPS_MID	ETU_LOW	HYS_HIGH	T3_ALTERED × SYN_PARTIAL × SYN_carb_RESILIENT
sample_002	0.8925693580551533	1.2155068768824755	-0.6720227705115117	0.957613169773592	-0.9079623408349489	1.067147350970712	0.8733799924961777	-0.4220474362490639	0.03274674633887843	0.02709093506687645	0.09253761193445183	-3.0469339044849004	-1.8115053960550296	0.39946140679416087	T1_EUBIOTIC	SYN_RESILIENT	SYN_carb_FRAGILE	BA_HIGH	TRP_LOW	PROT_HIGH	MUC_HIGH	HIS_LOW	TMA_MID	UREM_MID	IRON_MID	LPS_LOW	ETU_LOW	HYS_MID	T1_EUBIOTIC × SYN_RESILIENT × SYN_carb_FRAGILE
sample_003	-0.522179618648973	-0.6041947947252483	0.8380592696725288	-0.2828507431842998	-1.4043492693134254	0.601026598839025	0.6804350547758808	-0.013794682587824233	0.2194617586357852	-0.09360505515236958	-1.1937446454004752	-0.45478000673166274	-0.2251171202264367	1.0653180571186653	T4_DYSBIOTIC	SYN_FRAGILE	SYN_carb_RESILIENT	BA_LOW	TRP_LOW	PROT_HIGH	MUC_HIGH	HIS_MID	TMA_MID	UREM_MID	IRON_LOW	LPS_LOW	ETU_LOW	HYS_HIGH	T4_DYSBIOTIC × SYN_FRAGILE × SYN_carb_RESILIENT
sample_004	-0.8538992525734501	-0.3385529503973055	0.8451008965408693	-0.4898251070628172	-2.0076229751304258	0.15390234656808677	0.6927454623530771	0.3134774027701968	0.892514860436384	0.2701759292121762	0.3992694010863149	0.5670916643886768	0.6076248144236842	-0.6321828932551813	T4_DYSBIOTIC	SYN_FRAGILE	SYN_carb_RESILIENT	BA_LOW	TRP_LOW	PROT_MID	MUC_HIGH	HIS_MID	TMA_HIGH	UREM_MID	IRON_MID	LPS_HIGH	ETU_HIGH	HYS_LOW	T4_DYSBIOTIC × SYN_FRAGILE × SYN_carb_RESILIENT
sample_005	1.6092426999192826	1.4144115065007798	0.748996766294864	1.4568493236610256	-1.207974360102837	-0.7325323286985873	-0.9347709736533786	0.4234480727020923	-1.860118232926394	0.8855585768052571	0.5603571627245219	-2.1195520409768926	-1.6077160156136852	-2.2420662313740447	T1_EUBIOTIC	SYN_RESILIENT	SYN_carb_RESILIENT	BA_HIGH	TRP_LOW	PROT_LOW	MUC_LOW	HIS_MID	TMA_LOW	UREM_HIGH	IRON_HIGH	LPS_LOW	ETU_LOW	HYS_LOW	T1_EUBIOTIC × SYN_RESILIENT × SYN_carb_RESILIENT
sample_006	1.3393278360249106	1.030834868361343	0.7532763859182968	1.4223036510781104	-0.6962524486160602	-0.6352771915340757	-0.29974896362930425	0.502255161647976	-0.4899459979221677	-0.6715582435732487	1.0841983222381733	-0.31653402350686555	-2.0367841045095774	-1.2532531329641787	T1_EUBIOTIC	SYN_RESILIENT	SYN_carb_RESILIENT	BA_HIGH	TRP_LOW	PROT_LOW	MUC_MID	HIS_HIGH	TMA_LOW	UREM_LOW	IRON_HIGH	LPS_LOW	ETU_LOW	HYS_LOW	T1_EUBIOTIC × SYN_RESILIENT × SYN_carb_RESILIENT
sample_007	-0.394572919625339	0.31723894338630293	0.9923039053023777	0.5381036472804029	-0.16604438042144423	0.29348561514153015	1.6211606691172344	-0.688984302153256	-0.2686514591051911	0.39087191943142224	0.4355762831259457	0.03995065205660867	-0.2251171202264367	0.9560529734605683	T3_ALTERED	SYN_PARTIAL	SYN_carb_RESILIENT	BA_HIGH	TRP_MID	PROT_MID	MUC_HIGH	HIS_LOW	TMA_MID	UREM_MID	IRON_MID	LPS_MID	ETU_LOW	HYS_HIGH	T3_ALTERED × SYN_PARTIAL × SYN_carb_RESILIENT
sample_008	0.13009959302944188	0.16299493066134865	-0.23127616501292497	0.3610554251594171	1.4390215049042445	-0.5473619840662342	-1.14054005080382	0.5174898231317456	-0.26682569791751104	1.0778944224898737	-2.0012209291316547	0.34554224612184997	0.14768008587506537	0.10913183420637387	T2_PRESERVED	SYN_PARTIAL	SYN_carb_PARTIAL	BA_MID	TRP_HIGH	PROT_LOW	MUC_LOW	HIS_HIGH	TMA_MID	UREM_HIGH	IRON_LOW	LPS_MID	ETU_MID	HYS_MID	T2_PRESERVED × SYN_PARTIAL × SYN_carb_PARTIAL
sample_009	0.02141564195094418	-0.12167172238744958	-1.4182559414650788	-0.14337818614096928	-0.28605036039453513	0.9318817480285616	0.11345226232285212	0.4424301846371335	0.08264545904573503	-0.2787817942676886	1.3741222966040068	-0.11641359791889591	-0.030603980536071645	-0.24051601648256843	T2_PRESERVED	SYN_PARTIAL	SYN_carb_FRAGILE	BA_MID	TRP_MID	PROT_HIGH	MUC_MID	HIS_MID	TMA_MID	UREM_LOW	IRON_HIGH	LPS_MID	ETU_MID	HYS_MID	T2_PRESERVED × SYN_PARTIAL × SYN_carb_FRAGILE
sample_010	0.8391607044806532	0.48107646854768404	-0.9860877594929239	0.4717353490757146	-1.8567224740458792	0.7192718842461654	1.3804376512719494	0.583499450607188	-1.5559979885624227	0.3362422916867898	0.08083369165068871	-0.8184107256916812	0.060395716159867316	0.16662436639174377	T1_EUBIOTIC	SYN_PARTIAL	SYN_carb_FRAGILE	BA_HIGH	TRP_LOW	PROT_HIGH	MUC_HIGH	HIS_HIGH	TMA_LOW	UREM_MID	IRON_MID	LPS_LOW	ETU_MID	HYS_MID	T1_EUBIOTIC × SYN_PARTIAL × SYN_carb_FRAGILE
sample_011	-0.792365920127137	-0.6021572728654289	1.2162684921763178	-0.7945340795027314	-0.8725284737954022	-1.5616240206203125	-0.4284364214719344	-1.0718400519555247	0.5555243751796288	-0.014868910892578488	-0.000291520470849572	1.0370908242381816	0.46502730891305705	0.7472188528349654	T4_DYSBIOTIC	SYN_FRAGILE	SYN_carb_RESILIENT	BA_LOW	TRP_LOW	PROT_LOW	MUC_LOW	HIS_LOW	TMA_HIGH	UREM_MID	IRON_MID	LPS_HIGH	ETU_MID	HYS_HIGH	T4_DYSBIOTIC × SYN_FRAGILE × SYN_carb_RESILIENT
sample_012	-0.8719961737234077	-0.77768390416533	-0.3787508810892387	-0.7837262020279785	-0.0034536535908966767	0.6888935185262075	1.553643699570819	-1.6644981554022547	-0.1549988713843126	0.4842922889241569	1.3643055090921632	0.9633377485978548	-0.2251171202264367	-0.5889516503375201	T4_DYSBIOTIC	SYN_FRAGILE	SYN_carb_PARTIAL	BA_LOW	TRP_MID	PROT_HIGH	MUC_HIGH	HIS_LOW	TMA_MID	UREM_HIGH	IRON_HIGH	LPS_HIGH	ETU_LOW	HYS_LOW	T4_DYSBIOTIC × SYN_FRAGILE × SYN_carb_PARTIAL
sample_013	-0.10702035098708751	0.2307596055835369	-0.9364678714384338	-0.06930745851498539	0.12493868359296653	-0.4271390257723427	-1.6362503591210624	0.9095634290038526	0.12722331596424524	1.5428572605063495	-0.11140410044368171	0.5062842342884302	0.6076248144236842	0.7472188528349654	T3_ALTERED	SYN_PARTIAL	SYN_carb_FRAGILE	BA_MID	TRP_MID	PROT_LOW	MUC_LOW	HIS_HIGH	TMA_MID	UREM_HIGH	IRON_MID	LPS_HIGH	ETU_HIGH	HYS_HIGH	T3_ALTERED × SYN_PARTIAL × SYN_carb_FRAGILE
sample_014	-0.8734563597984907	-1.5795651468574676	0.6220113200223488	-0.6231587654272094	0.19569978646449365	-2.0082411514399396	1.3045789624896276	3.1056373570472084	0.3335495383609145	0.4435145690635894	-4.418748579840085	1.1385159306329529	-0.43911258276389176	-1.4941175372360596	T4_DYSBIOTIC	SYN_FRAGILE	SYN_carb_RESILIENT	BA_LOW	TRP_MID	PROT_LOW	MUC_HIGH	HIS_HIGH	TMA_MID	UREM_MID	IRON_LOW	LPS_HIGH	ETU_LOW	HYS_LOW	T4_DYSBIOTIC × SYN_FRAGILE × SYN_carb_RESILIENT
sample_015	-0.7568221953789184	0.04094039164152858	1.313433797874838	-1.2746264656648785	-0.8700770742800039	0.5180591643602452	0.4201669597564876	0.45207669002324846	-0.34835519738718584	-1.231913768679428	-0.4110899100043078	0.6606841995887949	-1.4216708875437423	-0.9291415584591551	T4_DYSBIOTIC	SYN_PARTIAL	SYN_carb_RESILIENT	BA_LOW	TRP_LOW	PROT_HIGH	MUC_MID	HIS_HIGH	TMA_MID	UREM_LOW	IRON_LOW	LPS_HIGH	ETU_LOW	HYS_LOW	T4_DYSBIOTIC × SYN_PARTIAL × SYN_carb_RESILIENT
sample_016	0.5490877223803979	0.5204265867655946	-1.313361639054232	1.0821156815602055	1.1352084637339523	1.1074686368943956	-0.8696136218088479	-0.7284979985001784	0.18189440897562606	0.01879570704925735	-0.6981704889835441	-0.4062912412385876	0.98593277135769	-5.602804594769786	T2_PRESERVED	SYN_RESILIENT	SYN_carb_FRAGILE	BA_HIGH	TRP_HIGH	PROT_HIGH	MUC_LOW	HIS_LOW	TMA_MID	UREM_MID	IRON_LOW	LPS_LOW	ETU_HIGH	HYS_LOW	T2_PRESERVED × SYN_RESILIENT × SYN_carb_FRAGILE
sample_017	-0.2491064184157335	-0.06747390055413338	-1.273071919848898	0.21606707372952838	-0.2866369820513746	-1.0497090390209383	1.3108550418242	-0.9149245259189428	0.552849185030952	-1.155036588708918	-0.17482481962138335	0.0871168078275299	1.4044679811241272	0.7148125912342395	T3_ALTERED	SYN_PARTIAL	SYN_carb_FRAGILE	BA_MID	TRP_MID	PROT_LOW	MUC_HIGH	HIS_LOW	TMA_HIGH	UREM_LOW	IRON_MID	LPS_MID	ETU_HIGH	HYS_HIGH	T3_ALTERED × SYN_PARTIAL × SYN_carb_FRAGILE
sample_018	1.0496693323188404	0.6801636254345215	1.2219462267564094	1.0202173637253462	0.22839595428963624	1.6881469463447598	-0.5504523180796869	0.3119761425543982	0.20438236026217943	-0.22200928925881253	1.1805696683938496	-0.30592060139821464	0.6076248144236842	1.0164078863430295	T1_EUBIOTIC	SYN_RESILIENT	SYN_carb_RESILIENT	BA_HIGH	TRP_MID	PROT_HIGH	MUC_LOW	HIS_MID	TMA_MID	UREM_LOW	IRON_HIGH	LPS_LOW	ETU_HIGH	HYS_HIGH	T1_EUBIOTIC × SYN_RESILIENT × SYN_carb_RESILIENT
sample_019	-0.5126021716117961	-0.6923474778673772	0.5938826109906863	-1.0698101775661206	1.062533647147402	-0.4904665168467063	0.7647812650292632	-0.315686422809679	-1.5355778590421492	-0.6103249851801369	0.2959916000561636	0.44334277966233104	0.6076248144236842	-2.0029398586929	T4_DYSBIOTIC	SYN_FRAGILE	SYN_carb_RESILIENT	BA_LOW	TRP_HIGH	PROT_LOW	MUC_HIGH	HIS_MID	TMA_LOW	UREM_LOW	IRON_MID	LPS_MID	ETU_HIGH	HYS_LOW	T4_DYSBIOTIC × SYN_FRAGILE × SYN_carb_RESILIENT
sample_020	-0.42027817528591227	-0.23148186575158416	-0.17422860033755289	0.5596142412699255	-0.8022794415331068	-1.0497090390209383	-2.0590026332506217	0.4900304230096124	-0.5036740056151021	-0.9247883232756452	0.9610499302706991	0.3417069286534547	0.3899960967393983	0.8985604412751984	T3_ALTERED	SYN_FRAGILE	SYN_carb_PARTIAL	BA_HIGH	TRP_LOW	PROT_LOW	MUC_LOW	HIS_HIGH	TMA_LOW	UREM_LOW	IRON_HIGH	LPS_MID	ETU_MID	HYS_HIGH	T3_ALTERED × SYN_FRAGILE × SYN_carb_PARTIAL
sample_021	-0.21085003000368271	0.4372562871185313	-1.5398473697115362	0.185763745107563	0.12506085223470303	-0.4211713355530384	-0.4544163627520432	0.528697269514574	-1.4665827210148734	0.43521934104597154	1.2925308693810584	0.5020085470420715	0.14768008587506537	1.0976401481215154	T3_ALTERED	SYN_PARTIAL	SYN_carb_FRAGILE	BA_MID	TRP_MID	PROT_LOW	MUC_LOW	HIS_HIGH	TMA_LOW	UREM_MID	IRON_HIGH	LPS_MID	ETU_MID	HYS_HIGH	T3_ALTERED × SYN_PARTIAL × SYN_carb_FRAGILE
sample_022	0.26525161528646474	0.8442974411033727	1.0510219907089366	0.711319158283667	-2.482235133117397	1.9049678809886694	0.1980303862120282	0.3890162234859615	-0.10252622866329995	0.8748531996492781	-0.14449574949086325	0.16060114540425738	-0.2251171202264367	1.3315840407047768	T2_PRESERVED	SYN_RESILIENT	SYN_carb_RESILIENT	BA_HIGH	TRP_LOW	PROT_HIGH	MUC_MID	HIS_MID	TMA_MID	UREM_HIGH	IRON_MID	LPS_MID	ETU_LOW	HYS_HIGH	T2_PRESERVED × SYN_RESILIENT × SYN_carb_RESILIENT
sample_023	-0.8632991202486135	-0.5385561106883944	0.6031129989188293	-0.7745484865007342	-0.36067722276671993	0.16551070577123655	0.5068714948511954	0.5609719267780799	-0.8787390539697711	-0.6760327860161479	-0.20569071523757865	0.24721712104112334	1.0429540209397177	1.3551958527708279	T4_DYSBIOTIC	SYN_FRAGILE	SYN_carb_RESILIENT	BA_LOW	TRP_LOW	PROT_MID	MUC_HIGH	HIS_HIGH	TMA_LOW	UREM_LOW	IRON_MID	LPS_MID	ETU_HIGH	HYS_HIGH	T4_DYSBIOTIC × SYN_FRAGILE × SYN_carb_RESILIENT
sample_024	0.3098113694622565	0.1335638891075952	1.0885830092667674	0.09805398891004825	0.4049434130179375	0.31841773403018253	-2.338942061970468	0.3867394137446988	-2.671450615897892	0.5022740521849282	0.6851266355212065	0.7247702921510033	1.2569494834771726	0.1959531552929918	T2_PRESERVED	SYN_PARTIAL	SYN_carb_RESILIENT	BA_MID	TRP_MID	PROT_MID	MUC_LOW	HIS_MID	TMA_LOW	UREM_HIGH	IRON_HIGH	LPS_HIGH	ETU_HIGH	HYS_MID	T2_PRESERVED × SYN_PARTIAL × SYN_carb_RESILIENT
sample_025	-0.11192363897779198	0.00941358046946301	0.8680423217792286	0.46300860877881606	0.4359511120994846	-0.918333523094181	-1.7239423717062214	0.8051821627036173	-0.2198387480511079	0.6368030395457598	-1.4144545405917939	-1.232478556992328	-0.030603980536071645	-1.1539276291144258	T3_ALTERED	SYN_PARTIAL	SYN_carb_RESILIENT	BA_HIGH	TRP_MID	PROT_LOW	MUC_LOW	HIS_HIGH	TMA_MID	UREM_HIGH	IRON_LOW	LPS_LOW	ETU_MID	HYS_LOW	T3_ALTERED × SYN_PARTIAL × SYN_carb_RESILIENT
sample_026	0.3605693522040879	0.39527244523854	1.3690213487498757	0.14241175030413064	0.578301580061398	0.07603561377758755	-1.012551548685695	-0.889358290748437	1.5303134343089841	1.4323063558442015	0.8868311730236358	0.02730640251168005	0.46502730891305705	0.6419841993685317	T2_PRESERVED	SYN_PARTIAL	SYN_carb_RESILIENT	BA_MID	TRP_HIGH	PROT_MID	MUC_LOW	HIS_LOW	TMA_HIGH	UREM_HIGH	IRON_HIGH	LPS_MID	ETU_MID	HYS_HIGH	T2_PRESERVED × SYN_PARTIAL × SYN_carb_RESILIENT
sample_027	-0.5982949624222912	-1.022270318273787	-0.29348349746941965	-0.20952785773048294	-0.04339335850001255	-0.816867315068158	0.9305534491654294	1.2112750403648054	-0.25541536680310456	0.8547592589753297	0.9396523909389349	0.917336706478597	0.8051346892078611	-1.6333080016466999	T4_DYSBIOTIC	SYN_FRAGILE	SYN_carb_PARTIAL	BA_LOW	TRP_MID	PROT_LOW	MUC_HIGH	HIS_HIGH	TMA_MID	UREM_HIGH	IRON_HIGH	LPS_HIGH	ETU_HIGH	HYS_LOW	T4_DYSBIOTIC × SYN_FRAGILE × SYN_carb_PARTIAL
sample_028	-0.43847563106121756	-0.004654498588822289	0.08863606064191096	-0.8712621592065849	0.8384906994589559	-1.3556587660345207	0.467878616145234	-0.22693129417324856	1.0013701263840102	0.6583545045605141	0.2829678085558189	-0.2546595811436923	-1.4216708875437423	-0.14342386814480676	T3_ALTERED	SYN_PARTIAL	SYN_carb_PARTIAL	BA_LOW	TRP_HIGH	PROT_LOW	MUC_HIGH	HIS_MID	TMA_HIGH	UREM_HIGH	IRON_MID	LPS_LOW	ETU_LOW	HYS_MID	T3_ALTERED × SYN_PARTIAL × SYN_carb_PARTIAL
sample_029	-0.4553543700332436	-0.5327974125924498	-0.8466488149360323	-0.24195329267619045	0.38302518296961713	0.23141104985237998	0.6781168014456378	1.1474872572918122	-2.418934223219893	-0.8828284773161903	0.756315196390819	0.24721712104112334	0.060395716159867316	-1.130009408024354	T3_ALTERED	SYN_FRAGILE	SYN_carb_FRAGILE	BA_LOW	TRP_MID	PROT_MID	MUC_HIGH	HIS_HIGH	TMA_LOW	UREM_LOW	IRON_HIGH	LPS_MID	ETU_MID	HYS_LOW	T3_ALTERED × SYN_FRAGILE × SYN_carb_FRAGILE
sample_030	-0.5673732733106321	-0.25924904771489155	-0.5530207587281956	-0.33178526441635914	-0.25545162508156866	-0.9659371024344199	0.5627371293921544	0.2582074271393384	-1.0316528419484532	-0.03199944606199179	-0.23711278294474145	0.5580782849902617	1.6297466895786747	0.3279055346403194	T4_DYSBIOTIC	SYN_FRAGILE	SYN_carb_FRAGILE	BA_LOW	TRP_MID	PROT_LOW	MUC_HIGH	HIS_MID	TMA_LOW	UREM_MID	IRON_MID	LPS_HIGH	ETU_HIGH	HYS_MID	T4_DYSBIOTIC × SYN_FRAGILE × SYN_carb_FRAGILE
sample_031	-2.2964055643474413	-2.7513952081575432	1.6223263682975895	-4.015073805224677	0.19468129387031602	-2.9298430833124858	0.2773252908094702	-1.0977492074731126	-0.26761776198804976	-1.5223872748274456	0.5603571627245219	1.2108674045486112	-0.9445520093172559	-0.5017174858452493	T4_DYSBIOTIC	SYN_FRAGILE	SYN_carb_RESILIENT	BA_LOW	TRP_MID	PROT_LOW	MUC_MID	HIS_LOW	TMA_MID	UREM_LOW	IRON_HIGH	LPS_HIGH	ETU_LOW	HYS_LOW	T4_DYSBIOTIC × SYN_FRAGILE × SYN_carb_RESILIENT
sample_032	0.37151342357134476	0.3584992217372937	0.3102187991798995	0.44559123121321353	0.5942114167661409	-0.7235274518369716	-0.467985312836978	0.5277751013077846	0.3746758007830897	-0.8420507574556241	-1.1104035783728698	0.2983990528259803	0.98593277135769	0.8047113850203352	T2_PRESERVED	SYN_PARTIAL	SYN_carb_PARTIAL	BA_MID	TRP_HIGH	PROT_LOW	MUC_LOW	HIS_HIGH	TMA_HIGH	UREM_LOW	IRON_LOW	LPS_MID	ETU_HIGH	HYS_HIGH	T2_PRESERVED × SYN_PARTIAL × SYN_carb_PARTIAL
sample_033	0.24024723694193983	0.9637024881316028	-0.9584474363079044	0.7551287728919995	0.7514459246784837	-1.995355652831003	-1.083713691287067	0.5044967723943058	0.15242920450692612	-1.064348481937472	-0.23359335172709628	-0.4004104090105468	-0.2251171202264367	0.27588945004984067	T2_PRESERVED	SYN_RESILIENT	SYN_carb_FRAGILE	BA_HIGH	TRP_HIGH	PROT_LOW	MUC_LOW	HIS_HIGH	TMA_MID	UREM_LOW	IRON_MID	LPS_LOW	ETU_LOW	HYS_MID	T2_PRESERVED × SYN_RESILIENT × SYN_carb_FRAGILE
sample_034	0.4806033290464715	0.8937086893824117	-0.468453809219558	0.9119607229815354	-0.6793619827865114	0.554478814735154	-0.05454462107010081	-0.8653866268347278	-1.566436246280393	-0.3665367423300416	0.8626231937984193	-1.1016751368233144	-0.2251171202264367	0.45227955907075906	T2_PRESERVED	SYN_RESILIENT	SYN_carb_FRAGILE	BA_HIGH	TRP_LOW	PROT_HIGH	MUC_MID	HIS_LOW	TMA_LOW	UREM_LOW	IRON_HIGH	LPS_LOW	ETU_LOW	HYS_HIGH	T2_PRESERVED × SYN_RESILIENT × SYN_carb_FRAGILE
sample_035	-0.4941031022408247	-0.10892541306778766	0.7900431252368872	-0.7315371381159033	-1.5383593290625421	0.5850154673262352	-1.444895226992011	-0.6381205187206376	0.24893378343702932	-0.014868910892578488	-0.35742790446535355	1.0323582343575732	-0.12564941191007556	-0.5220701580924502	T4_DYSBIOTIC	SYN_PARTIAL	SYN_carb_RESILIENT	BA_LOW	TRP_LOW	PROT_HIGH	MUC_LOW	HIS_LOW	TMA_MID	UREM_MID	IRON_LOW	LPS_HIGH	ETU_MID	HYS_LOW	T4_DYSBIOTIC × SYN_PARTIAL × SYN_carb_RESILIENT
sample_036	-1.377317468883166	-1.5242910687232338	-0.40515724910137396	-1.2162335640916775	0.8591094631577074	0.22140132522594932	0.4263264606731282	-0.3242360755364348	0.7265965157482368	1.0304307169426778	-0.08537559371696817	1.0689683665734924	-1.6077160156136852	0.6258026451472772	T4_DYSBIOTIC	SYN_FRAGILE	SYN_carb_FRAGILE	BA_LOW	TRP_HIGH	PROT_MID	MUC_MID	HIS_LOW	TMA_HIGH	UREM_HIGH	IRON_MID	LPS_HIGH	ETU_LOW	HYS_HIGH	T4_DYSBIOTIC × SYN_FRAGILE × SYN_carb_FRAGILE
sample_037	0.15590093821201403	0.22249826673297296	0.5464293422843763	0.16997179699564033	1.1872845088167838	0.3545593945637616	0.6286411725505449	-1.2862609971609622	1.1588751221417544	1.294343600317788	-1.3333293284702572	0.11558979295821503	0.14768008587506537	-0.6946895656867819	T2_PRESERVED	SYN_PARTIAL	SYN_carb_PARTIAL	BA_MID	TRP_HIGH	PROT_MID	MUC_HIGH	HIS_LOW	TMA_HIGH	UREM_HIGH	IRON_LOW	LPS_MID	ETU_MID	HYS_LOW	T2_PRESERVED × SYN_PARTIAL × SYN_carb_PARTIAL
sample_038	0.5897249025930666	0.9096996020676569	-0.036592241758885674	0.9540290871843409	0.3494857035388666	0.7968072842431569	-2.878629397055858	-0.37190097545537926	1.318426853623579	1.0818912404759577	0.6260064797473113	-1.0279220611829878	-0.32943879235142093	1.7745931920453475	T1_EUBIOTIC	SYN_RESILIENT	SYN_carb_PARTIAL	BA_HIGH	TRP_MID	PROT_HIGH	MUC_LOW	HIS_LOW	TMA_HIGH	UREM_HIGH	IRON_HIGH	LPS_LOW	ETU_LOW	HYS_HIGH	T1_EUBIOTIC × SYN_RESILIENT × SYN_carb_PARTIAL
sample_039	0.984961684678309	0.8210203028250624	0.2627462006713811	0.5256204513319591	-1.3202965066081498	-0.09319708735667456	-0.5835660167106981	0.026177382050035756	0.1539568200268215	0.7747657950721734	0.3721555639482441	-2.846813478896931	0.98593277135769	-0.27537624749213585	T1_EUBIOTIC	SYN_RESILIENT	SYN_carb_PARTIAL	BA_HIGH	TRP_LOW	PROT_MID	MUC_LOW	HIS_MID	TMA_MID	UREM_HIGH	IRON_MID	LPS_LOW	ETU_HIGH	HYS_MID	T1_EUBIOTIC × SYN_RESILIENT × SYN_carb_PARTIAL
sample_040	-0.5774574673441825	-1.0458259916751238	0.3190046370875318	-0.28673508718574325	0.9918494407302345	-1.658281455815765	0.9683712152410832	0.49217312942606306	0.008373663834557782	-0.026266712518894373	0.5625857605696113	0.16995939067933097	1.1526278113521884	0.6135607273193348	T4_DYSBIOTIC	SYN_FRAGILE	SYN_carb_PARTIAL	BA_LOW	TRP_HIGH	PROT_LOW	MUC_HIGH	HIS_HIGH	TMA_MID	UREM_MID	IRON_HIGH	LPS_MID	ETU_HIGH	HYS_HIGH	T4_DYSBIOTIC × SYN_FRAGILE × SYN_carb_PARTIAL
sample_041	-0.7728839103856049	-0.38607886957778176	0.618175887429207	-0.071616889148091	0.6762610788227065	0.17783315459712035	0.7489810447100179	-0.781579346803433	0.23691342632799217	0.07855145860015618	-0.5487293864290725	1.2305786090204185	-0.6769319144957484	1.3577985047028425	T4_DYSBIOTIC	SYN_FRAGILE	SYN_carb_RESILIENT	BA_MID	TRP_HIGH	PROT_MID	MUC_HIGH	HIS_LOW	TMA_MID	UREM_MID	IRON_LOW	LPS_HIGH	ETU_LOW	HYS_HIGH	T4_DYSBIOTIC × SYN_FRAGILE × SYN_carb_RESILIENT
sample_042	-1.120342115160181	-0.7727181948816844	-1.0408894064320644	-0.6392667262012738	-1.4489037677601408	-0.8197862796934168	1.6921124929264513	1.6967194211864933	-1.7219420373411842	-2.2618141733281374	1.473333357703216	0.7104477679990051	-0.6769319144957484	0.1639318940574879	T4_DYSBIOTIC	SYN_FRAGILE	SYN_carb_FRAGILE	BA_LOW	TRP_LOW	PROT_LOW	MUC_HIGH	HIS_HIGH	TMA_LOW	UREM_LOW	IRON_HIGH	LPS_HIGH	ETU_LOW	HYS_MID	T4_DYSBIOTIC × SYN_FRAGILE × SYN_carb_FRAGILE
sample_043	0.5018707110302236	-0.27955812881308195	0.9184339754103169	0.2227970690011073	1.3380664834851075	1.4307312594531034	0.007742312538901656	0.13784628718805378	-0.6273674956853444	-4.323123364824371	-0.12456550311604192	-1.4400415456360813	0.6076248144236842	0.2632573979072408	T2_PRESERVED	SYN_FRAGILE	SYN_carb_RESILIENT	BA_MID	TRP_HIGH	PROT_HIGH	MUC_MID	HIS_MID	TMA_LOW	UREM_LOW	IRON_MID	LPS_LOW	ETU_HIGH	HYS_MID	T2_PRESERVED × SYN_FRAGILE × SYN_carb_RESILIENT
sample_044	-0.6072196557288643	0.15075895869420103	-0.9443721631003485	-0.12518647488692286	-1.1167868366289755	-0.46690761944398373	-0.4390423523374835	-0.29911574671043134	0.10456721905408876	0.9481796284680644	0.10416350550307468	0.4329880612823533	-1.4216708875437423	0.7128862311690877	T4_DYSBIOTIC	SYN_PARTIAL	SYN_carb_FRAGILE	BA_MID	TRP_LOW	PROT_LOW	MUC_LOW	HIS_MID	TMA_MID	UREM_HIGH	IRON_MID	LPS_MID	ETU_LOW	HYS_HIGH	T4_DYSBIOTIC × SYN_PARTIAL × SYN_carb_FRAGILE
sample_045	0.10260570740371172	0.17901105582969898	-1.173282157068456	0.24060698121770616	-1.310422952130964	1.0413677975940834	1.663913423299285	1.4068347903459792	0.0215935988646581	0.8056863110971444	1.2748562831877464	0.2983990528259803	-1.4216708875437423	1.8695835196372983	T2_PRESERVED	SYN_PARTIAL	SYN_carb_FRAGILE	BA_MID	TRP_LOW	PROT_HIGH	MUC_HIGH	HIS_HIGH	TMA_MID	UREM_HIGH	IRON_HIGH	LPS_MID	ETU_LOW	HYS_HIGH	T2_PRESERVED × SYN_PARTIAL × SYN_carb_FRAGILE
sample_046	0.10018229494515457	0.26493036362172645	0.60169898295449	-0.06655761313539746	-0.7831418798079924	0.5238598759740696	-0.3854229754668251	1.7592504306251464	1.3586509212575621	0.0838634400757512	-1.6512758030656858	0.6819747828683199	-1.6077160156136852	-0.9502820975388797	T2_PRESERVED	SYN_PARTIAL	SYN_carb_RESILIENT	BA_MID	TRP_LOW	PROT_HIGH	MUC_LOW	HIS_HIGH	TMA_HIGH	UREM_MID	IRON_LOW	LPS_HIGH	ETU_LOW	HYS_LOW	T2_PRESERVED × SYN_PARTIAL × SYN_carb_RESILIENT
sample_047	-0.649937288272969	-0.6138953696184172	1.0509323194685158	-0.39765885373569276	0.43904896528436527	-0.8939946424580698	0.31843986449938605	0.2271110603816591	-0.6893342207844987	0.3362422916867898	-0.021954874539266537	1.1887224843330768	1.3072616904055925	0.4272310384900737	T4_DYSBIOTIC	SYN_FRAGILE	SYN_carb_RESILIENT	BA_LOW	TRP_MID	PROT_LOW	MUC_MID	HIS_MID	TMA_LOW	UREM_MID	IRON_MID	LPS_HIGH	ETU_HIGH	HYS_MID	T4_DYSBIOTIC × SYN_FRAGILE × SYN_carb_RESILIENT
sample_048	-0.6305118163406932	-0.07855182331536278	0.69238907050614	-0.7005444407611364	0.15689075640873149	0.036604978595170576	-0.843026048850501	-0.009273697332561311	0.5635184052014871	1.1595939722541975	0.34208796432971394	1.1427214422138199	0.14768008587506537	-0.2233601629016557	T4_DYSBIOTIC	SYN_PARTIAL	SYN_carb_RESILIENT	BA_LOW	TRP_MID	PROT_MID	MUC_LOW	HIS_MID	TMA_HIGH	UREM_HIGH	IRON_MID	LPS_HIGH	ETU_MID	HYS_MID	T4_DYSBIOTIC × SYN_PARTIAL × SYN_carb_RESILIENT
sample_049	-0.33064495204225886	-0.775046659281126	-0.08143136039907148	-0.4431740364040001	0.9849634457848664	1.1884453422908485	-3.9199017718815594	-0.8068037775517808	0.13822288273908837	0.9007159229208699	1.1314431077428515	0.5906936502394206	0.8051346892078611	-0.49767711623491356	T3_ALTERED	SYN_FRAGILE	SYN_carb_PARTIAL	BA_LOW	TRP_HIGH	PROT_HIGH	MUC_LOW	HIS_LOW	TMA_MID	UREM_HIGH	IRON_HIGH	LPS_HIGH	ETU_HIGH	HYS_LOW	T3_ALTERED × SYN_FRAGILE × SYN_carb_PARTIAL
sample_050	-0.1416229603856698	0.13405853309347526	0.5673510479558824	-0.07723918895603642	-1.027637242871703	0.5255821846134303	-1.277839041744867	-0.49584820829080567	0.8198144435161214	0.22037940554904684	0.8437702796234547	0.0470966954531529	1.7136072472901844	-0.7315083971049342	T3_ALTERED	SYN_PARTIAL	SYN_carb_RESILIENT	BA_MID	TRP_LOW	PROT_HIGH	MUC_LOW	HIS_LOW	TMA_HIGH	UREM_MID	IRON_HIGH	LPS_MID	ETU_HIGH	HYS_LOW	T3_ALTERED × SYN_PARTIAL × SYN_carb_RESILIENT
sample_051	-0.10047337080325601	-0.2661406409195401	-0.599109487317301	-0.025251819171072956	0.08314900756540927	-0.8021891554468248	-0.6270586379419141	0.0863408104197628	1.2426601823058878	0.748205172299267	-0.15119010541391512	0.594567624734965	-3.2935719997586395	0.3783208677144363	T3_ALTERED	SYN_FRAGILE	SYN_carb_FRAGILE	BA_MID	TRP_MID	PROT_LOW	MUC_LOW	HIS_MID	TMA_HIGH	UREM_HIGH	IRON_MID	LPS_HIGH	ETU_LOW	HYS_MID	T3_ALTERED × SYN_FRAGILE × SYN_carb_FRAGILE
sample_052	-0.5585556990451734	-1.2136376517125933	0.18613420276331388	-1.2189155563837595	0.4073536197633416	-0.7142355639576828	0.8724172600922787	1.4378814358429735	-1.4756259553688522	0.7927475583329446	1.123388231637247	1.3320785879434052	0.3899960967393983	-0.9933995608775763	T4_DYSBIOTIC	SYN_FRAGILE	SYN_carb_PARTIAL	BA_LOW	TRP_MID	PROT_LOW	MUC_HIGH	HIS_HIGH	TMA_LOW	UREM_HIGH	IRON_HIGH	LPS_HIGH	ETU_MID	HYS_LOW	T4_DYSBIOTIC × SYN_FRAGILE × SYN_carb_PARTIAL
sample_053	1.520439610060265	0.9360406436463702	0.09031249671697561	0.719716414909805	-0.9184876007259263	1.1116408265289488	1.6665971271860598	0.49765428333674333	-0.4131419532582828	0.21554630146754378	0.45226423417189476	-0.7640411279705652	-0.5547175008059686	0.2632573979072408	T1_EUBIOTIC	SYN_RESILIENT	SYN_carb_PARTIAL	BA_HIGH	TRP_LOW	PROT_HIGH	MUC_HIGH	HIS_HIGH	TMA_LOW	UREM_MID	IRON_MID	LPS_LOW	ETU_LOW	HYS_MID	T1_EUBIOTIC × SYN_RESILIENT × SYN_carb_PARTIAL
sample_054	-0.11030386028390457	0.2722741256595495	0.7181840246495951	0.2608832569392244	1.042150071735467	0.30668591337550627	-0.0291870456401519	0.31532195859650647	-0.6552708754404462	0.6458218433483217	1.2748562831877464	0.18686659357512658	-0.030603980536071645	-1.5777647487473847	T3_ALTERED	SYN_PARTIAL	SYN_carb_RESILIENT	BA_MID	TRP_HIGH	PROT_MID	MUC_MID	HIS_MID	TMA_LOW	UREM_HIGH	IRON_HIGH	LPS_MID	ETU_MID	HYS_LOW	T3_ALTERED × SYN_PARTIAL × SYN_carb_RESILIENT
sample_055	0.5380377279006733	0.5455097205524414	1.9802643790956718	0.3284899466039623	-0.3437252639805829	0.40402910322695607	-0.021394628918591126	0.8922740322217998	0.1888611997169956	-1.0939510131530144	0.9751704736271188	0.5640972585978054	-1.6077160156136852	-0.0003254222332056075	T2_PRESERVED	SYN_RESILIENT	SYN_carb_RESILIENT	BA_MID	TRP_MID	PROT_MID	MUC_MID	HIS_HIGH	TMA_MID	UREM_LOW	IRON_HIGH	LPS_HIGH	ETU_LOW	HYS_MID	T2_PRESERVED × SYN_RESILIENT × SYN_carb_RESILIENT
sample_056	0.6676630166933861	0.7623221167818298	-3.650513736253452	0.7467585528754712	1.1719241698911431	1.7118555293595117	-0.48489271205093665	-0.944100196958051	-0.28517515437360225	-2.2352535505552296	0.008911021076930323	-0.9707802087004246	1.0429540209397177	0.8567274696108155	T1_EUBIOTIC	SYN_RESILIENT	SYN_carb_FRAGILE	BA_HIGH	TRP_HIGH	PROT_HIGH	MUC_LOW	HIS_LOW	TMA_MID	UREM_LOW	IRON_MID	LPS_LOW	ETU_HIGH	HYS_HIGH	T1_EUBIOTIC × SYN_RESILIENT × SYN_carb_FRAGILE
sample_057	-0.04963023067907521	0.5702999972215774	-0.8064563845837697	0.18228521577692613	1.7306951086222246	-0.4954719879587436	-1.136489575988897	0.3554043739785266	-0.39993075591135324	-1.0125432713379983	-1.0873055244485854	0.5408018267412271	0.5375145943863536	0.0753498322891373	T3_ALTERED	SYN_RESILIENT	SYN_carb_FRAGILE	BA_MID	TRP_HIGH	PROT_LOW	MUC_LOW	HIS_MID	TMA_LOW	UREM_LOW	IRON_LOW	LPS_HIGH	ETU_MID	HYS_MID	T3_ALTERED × SYN_RESILIENT × SYN_carb_FRAGILE
sample_058	-1.2304327676020677	-1.8178146767337844	0.54410952205992	-1.7730650670864865	0.8252501200393272	-0.2446203079312394	-1.0167619078590167	-1.1082623655076234	-0.8761571136614194	-0.15794957391068826	0.024141489734283816	0.5052172220255043	-0.32943879235142093	0.6339133995665356	T4_DYSBIOTIC	SYN_FRAGILE	SYN_carb_PARTIAL	BA_LOW	TRP_HIGH	PROT_MID	MUC_LOW	HIS_LOW	TMA_LOW	UREM_MID	IRON_MID	LPS_MID	ETU_LOW	HYS_HIGH	T4_DYSBIOTIC × SYN_FRAGILE × SYN_carb_PARTIAL
sample_059	0.8510482545327581	0.5142847853295053	-0.6607395268723479	0.43600569725895105	0.1528983246307796	0.6328526689769669	0.31657039236857193	0.8881843160813584	1.5029451036106156	0.4100445616796746	-0.5403251408789579	-0.4004104090105468	-0.12564941191007556	1.0196078269045272	T1_EUBIOTIC	SYN_RESILIENT	SYN_carb_FRAGILE	BA_MID	TRP_MID	PROT_HIGH	MUC_MID	HIS_HIGH	TMA_HIGH	UREM_MID	IRON_LOW	LPS_LOW	ETU_MID	HYS_HIGH	T1_EUBIOTIC × SYN_RESILIENT × SYN_carb_FRAGILE
sample_060	-1.1636018850564285	-0.5725185958999855	-0.5366098522085961	-1.0101995863494286	-0.8725393865202454	-0.16985117297068061	0.1624027417201777	0.8010307589678546	0.2715363051705859	0.47015038538097487	-0.01884358454993214	1.028196631988749	-0.2251171202264367	1.3551958527708279	T4_DYSBIOTIC	SYN_FRAGILE	SYN_carb_FRAGILE	BA_LOW	TRP_LOW	PROT_MID	MUC_MID	HIS_HIGH	TMA_MID	UREM_HIGH	IRON_MID	LPS_HIGH	ETU_LOW	HYS_HIGH	T4_DYSBIOTIC × SYN_FRAGILE × SYN_carb_FRAGILE
sample_061	1.9852289764880184	1.407665353303458	0.12798484705591634	0.7543643280006662	-0.2783002780833014	0.8743028037401893	0.12973907750033825	1.1902115878880646	0.17261274963595943	-1.0182086927683798	-0.7924571037774395	-1.4400415456360813	0.5375145943863536	-0.28598061491222243	T1_EUBIOTIC	SYN_RESILIENT	SYN_carb_PARTIAL	BA_HIGH	TRP_MID	PROT_HIGH	MUC_MID	HIS_HIGH	TMA_MID	UREM_LOW	IRON_LOW	LPS_LOW	ETU_MID	HYS_LOW	T1_EUBIOTIC × SYN_RESILIENT × SYN_carb_PARTIAL
sample_062	0.04140125872896863	0.31516462827593816	-0.4183742817028868	0.8121823656804475	-2.34997108898197	0.2190053396719007	0.6756260506910077	-0.4395218261716398	-0.3357962415727332	0.9481796284680644	-0.6981704889835441	-0.18287538379403978	-1.2505259601170347	-0.0922206682381647	T2_PRESERVED	SYN_PARTIAL	SYN_carb_FRAGILE	BA_HIGH	TRP_LOW	PROT_MID	MUC_HIGH	HIS_LOW	TMA_MID	UREM_HIGH	IRON_LOW	LPS_LOW	ETU_LOW	HYS_MID	T2_PRESERVED × SYN_PARTIAL × SYN_carb_FRAGILE
sample_063	-0.15231199231000525	-0.31788394170981293	-2.1418507349068237	0.6724336713784402	0.12858780043540208	0.5094282855002019	-0.07227980482777545	1.336895644600938	-1.1013401529562306	0.07855145860015618	0.08083369165068871	0.625905044920129	-1.0920705069642105	0.8047113850203352	T3_ALTERED	SYN_FRAGILE	SYN_carb_FRAGILE	BA_HIGH	TRP_MID	PROT_HIGH	MUC_MID	HIS_HIGH	TMA_LOW	UREM_MID	IRON_MID	LPS_HIGH	ETU_LOW	HYS_HIGH	T3_ALTERED × SYN_FRAGILE × SYN_carb_FRAGILE
sample_064	-0.6056806990216854	0.014196458778780346	0.9538722154958011	-0.21691164113032546	0.0447864968335299	0.3204715476979237	1.3735307535448742	-1.1928614479967776	-0.8034214536969079	-1.0761169477983605	0.5333894462934315	0.5630968974219156	1.3072616904055925	-2.1510223073142813	T4_DYSBIOTIC	SYN_PARTIAL	SYN_carb_RESILIENT	BA_LOW	TRP_MID	PROT_MID	MUC_HIGH	HIS_LOW	TMA_LOW	UREM_LOW	IRON_MID	LPS_HIGH	ETU_HIGH	HYS_LOW	T4_DYSBIOTIC × SYN_PARTIAL × SYN_carb_RESILIENT
sample_065	-0.6110732107409386	-0.203960789254757	0.3952998695600954	0.040634171995511816	0.46495429436310304	-0.20198162187023444	-0.5031619679270243	0.62604771365909	1.5611767867190984	0.4842922889241569	0.3721555639482441	0.39637792906643404	1.1526278113521884	-0.2648400758324964	T4_DYSBIOTIC	SYN_FRAGILE	SYN_carb_PARTIAL	BA_MID	TRP_MID	PROT_MID	MUC_LOW	HIS_HIGH	TMA_HIGH	UREM_HIGH	IRON_MID	LPS_MID	ETU_HIGH	HYS_MID	T4_DYSBIOTIC × SYN_FRAGILE × SYN_carb_PARTIAL
sample_066	-0.9097034786021524	-0.4707397066118649	1.2743328092313055	-0.7813844315921893	0.7447474453778816	0.270612245632401	0.4590422256209258	-0.03924561864628902	-1.369351941147601	0.21554630146754378	-1.477875259769494	0.9373410384905857	1.0429540209397177	0.26832191213066986	T4_DYSBIOTIC	SYN_FRAGILE	SYN_carb_RESILIENT	BA_LOW	TRP_HIGH	PROT_MID	MUC_MID	HIS_MID	TMA_LOW	UREM_MID	IRON_LOW	LPS_HIGH	ETU_HIGH	HYS_MID	T4_DYSBIOTIC × SYN_FRAGILE × SYN_carb_RESILIENT
sample_067	0.2066612575805316	0.805572241592457	0.8398191006770541	0.5697529076177216	0.37591559300968935	0.9467535284405418	0.6871160016087262	2.8011162783618886	0.403347400173672	0.9927220145017446	-1.2941394190711835	-0.8278016355950182	0.5375145943863536	-0.5889516503375201	T2_PRESERVED	SYN_RESILIENT	SYN_carb_RESILIENT	BA_HIGH	TRP_MID	PROT_HIGH	MUC_HIGH	HIS_HIGH	TMA_HIGH	UREM_HIGH	IRON_LOW	LPS_LOW	ETU_MID	HYS_LOW	T2_PRESERVED × SYN_RESILIENT × SYN_carb_RESILIENT
sample_068	0.5469318187780059	0.6266430138170518	-0.3128706355695251	0.36077279149197333	0.6728320962756258	1.5086751263158127	1.4709977473743105	-0.5811908908159251	0.05127254520497263	0.3583421610754617	-0.4425119777114721	0.19444756603024319	0.741303974827698	1.3022552518035289	T2_PRESERVED	SYN_RESILIENT	SYN_carb_PARTIAL	BA_MID	TRP_HIGH	PROT_HIGH	MUC_HIGH	HIS_LOW	TMA_MID	UREM_MID	IRON_LOW	LPS_MID	ETU_HIGH	HYS_HIGH	T2_PRESERVED × SYN_RESILIENT × SYN_carb_PARTIAL
sample_069	-0.23317554994646084	-0.8565517311029269	1.7763346689160806	-0.6310806224024869	0.8335592838377202	-0.3807660862236988	0.15239391230117086	-0.5331524683628285	-1.6656669108659024	0.7074274524386994	0.7741606030413671	0.8362325757363647	-0.5547175008059686	0.520877614481852	T3_ALTERED	SYN_FRAGILE	SYN_carb_RESILIENT	BA_LOW	TRP_HIGH	PROT_LOW	MUC_MID	HIS_LOW	TMA_LOW	UREM_HIGH	IRON_HIGH	LPS_HIGH	ETU_LOW	HYS_HIGH	T3_ALTERED × SYN_FRAGILE × SYN_carb_RESILIENT
sample_070	0.10054589502844456	0.466545271844829	1.0880104935174746	0.2070737289158746	1.7328810573293065	0.48734512758937454	0.12828827933139805	-0.2938184773321969	1.3603632475821341	1.446854350939391	0.6109078782741432	0.22122041093385336	-2.288624274281517	1.08386582932295	T2_PRESERVED	SYN_PARTIAL	SYN_carb_RESILIENT	BA_MID	TRP_HIGH	PROT_HIGH	MUC_MID	HIS_MID	TMA_HIGH	UREM_HIGH	IRON_HIGH	LPS_MID	ETU_LOW	HYS_HIGH	T2_PRESERVED × SYN_PARTIAL × SYN_carb_RESILIENT
sample_071	1.2778213148231812	0.6005009210036819	0.4070704140638957	1.450719960575421	-1.0222986097441409	0.4351276330944967	-1.9005505070456796	1.4663989255666836	-0.4297406183657041	-0.5311606458787259	0.8905258302879354	-1.1476761789425722	-0.43911258276389176	1.7896472248804494	T1_EUBIOTIC	SYN_RESILIENT	SYN_carb_PARTIAL	BA_HIGH	TRP_LOW	PROT_MID	MUC_LOW	HIS_HIGH	TMA_LOW	UREM_LOW	IRON_HIGH	LPS_LOW	ETU_LOW	HYS_HIGH	T1_EUBIOTIC × SYN_RESILIENT × SYN_carb_PARTIAL
sample_072	1.8848952990894854	1.0786633924281976	0.005669212085708346	0.9199657413187096	0.6916918125180055	0.7958326700962344	0.1578136123354163	1.2559044566189224	-1.7783270097672306	-0.9570762045606712	1.5759439862799913	-1.4400415456360813	-1.6077160156136852	0.27588945004984067	T1_EUBIOTIC	SYN_RESILIENT	SYN_carb_PARTIAL	BA_HIGH	TRP_HIGH	PROT_HIGH	MUC_MID	HIS_HIGH	TMA_LOW	UREM_LOW	IRON_HIGH	LPS_LOW	ETU_LOW	HYS_MID	T1_EUBIOTIC × SYN_RESILIENT × SYN_carb_PARTIAL
sample_073	0.5761208393730612	0.43807599934085434	0.020143738895989315	0.6951951310763573	-0.06289791033842852	0.13738543196520034	0.5440262461407295	1.742327790308415	2.0318104026169745	-0.38108473742523086	1.4073664024923427	-1.3856719479149655	0.8051346892078611	1.3771877137957464	T2_PRESERVED	SYN_PARTIAL	SYN_carb_PARTIAL	BA_HIGH	TRP_MID	PROT_MID	MUC_HIGH	HIS_HIGH	TMA_HIGH	UREM_LOW	IRON_HIGH	LPS_LOW	ETU_HIGH	HYS_HIGH	T2_PRESERVED × SYN_PARTIAL × SYN_carb_PARTIAL
sample_074	-0.6876639532384164	0.10176428782250596	0.24773545586553	-0.22049341849100879	-0.03934276296762256	-0.13143414438073034	1.1468765692129208	0.11203470340075564	0.2618505877981636	-0.9901007546929899	-0.6981704889835441	0.4421981417262225	-0.8065576705779073	0.1853487878729052	T4_DYSBIOTIC	SYN_PARTIAL	SYN_carb_PARTIAL	BA_LOW	TRP_MID	PROT_MID	MUC_HIGH	HIS_MID	TMA_MID	UREM_LOW	IRON_LOW	LPS_MID	ETU_LOW	HYS_MID	T4_DYSBIOTIC × SYN_PARTIAL × SYN_carb_PARTIAL
sample_075	0.08617731254986281	0.20564723699653356	0.338825154662563	0.1224536862747428	1.3632770532511804	0.2027429150304774	1.364637856657983	-0.3449265851064897	0.3479684851286096	-0.6760327860161479	1.232905315088499	0.03274721010641396	0.31223588593180596	-0.6278080734417121	T2_PRESERVED	SYN_PARTIAL	SYN_carb_PARTIAL	BA_MID	TRP_HIGH	PROT_MID	MUC_HIGH	HIS_LOW	TMA_MID	UREM_LOW	IRON_HIGH	LPS_MID	ETU_MID	HYS_LOW	T2_PRESERVED × SYN_PARTIAL × SYN_carb_PARTIAL
sample_076	-0.7875695806054833	-0.78468375137746	-0.09120668460246767	-0.6241007630318548	-0.27426323883638093	-0.10074485324660741	-0.7616266981551463	-0.7227270104516685	-0.4651712116668557	0.09705873042638055	-2.2507712815269154	0.3417069286534547	0.6755089331257023	-1.1064353459622598	T4_DYSBIOTIC	SYN_FRAGILE	SYN_carb_PARTIAL	BA_LOW	TRP_MID	PROT_MID	MUC_LOW	HIS_LOW	TMA_LOW	UREM_MID	IRON_LOW	LPS_MID	ETU_HIGH	HYS_LOW	T4_DYSBIOTIC × SYN_FRAGILE × SYN_carb_PARTIAL
sample_077	0.25275109089724523	0.6178612331131835	-0.8643113943281713	-0.02079779628305735	-0.47568478619486493	0.8797140698721556	-0.35317226024271026	-0.2857326794199657	0.7309499569610747	-6.709578698088826	-0.025071725371573886	-0.006050390062648348	0.8051346892078611	-0.8723734875045441	T2_PRESERVED	SYN_RESILIENT	SYN_carb_FRAGILE	BA_MID	TRP_LOW	PROT_HIGH	MUC_MID	HIS_MID	TMA_HIGH	UREM_LOW	IRON_MID	LPS_MID	ETU_HIGH	HYS_LOW	T2_PRESERVED × SYN_RESILIENT × SYN_carb_FRAGILE
sample_078	-0.1919890840094755	0.14131516327624505	1.919062608504321	-0.14421577589989074	-2.454109700926417	0.7373517155367336	0.6552251558340791	0.5989192132679456	0.6467727341159234	-0.11473701188201421	-0.707373030531321	0.5366879493385538	0.98593277135769	-0.24051601648256843	T3_ALTERED	SYN_PARTIAL	SYN_carb_RESILIENT	BA_MID	TRP_LOW	PROT_HIGH	MUC_HIGH	HIS_HIGH	TMA_HIGH	UREM_MID	IRON_LOW	LPS_HIGH	ETU_HIGH	HYS_MID	T3_ALTERED × SYN_PARTIAL × SYN_carb_RESILIENT
sample_079	-0.3591326753566545	-0.44668937573392936	0.9165075421384108	-0.37901819915767027	-0.3440135667894807	-0.10074485324660741	-0.6905360715822353	0.8320702892530012	1.5404021037033973	0.20826625262196538	0.2406257569840666	0.7306019577607263	-0.8065576705779073	1.2152417579354269	T3_ALTERED	SYN_FRAGILE	SYN_carb_RESILIENT	BA_LOW	TRP_LOW	PROT_MID	MUC_LOW	HIS_HIGH	TMA_HIGH	UREM_MID	IRON_MID	LPS_HIGH	ETU_LOW	HYS_HIGH	T3_ALTERED × SYN_FRAGILE × SYN_carb_RESILIENT
sample_080	-0.06900480400050464	0.5814357066981993	-0.03961589028896725	0.3293540022734902	-0.8230199285321659	0.43140198852315104	-0.14377310461928852	0.836836192753317	-1.2992813187284593	0.6458218433483217	0.5446767192029892	-0.09739895558012353	-0.6769319144957484	-0.1434238681448082	T3_ALTERED	SYN_RESILIENT	SYN_carb_PARTIAL	BA_MID	TRP_LOW	PROT_MID	MUC_MID	HIS_HIGH	TMA_LOW	UREM_HIGH	IRON_MID	LPS_MID	ETU_LOW	HYS_MID	T3_ALTERED × SYN_RESILIENT × SYN_carb_PARTIAL
sample_081	-0.31706501213598176	-0.8401209715032593	-0.8916315617301527	0.2387383996311432	1.3537919974445969	0.46425277380516233	0.6052561976046271	-1.1807697792431144	-0.7262228030543432	0.17130645767086153	1.2283501250980846	0.5304815321727575	0.9273491028976409	0.22216761929105755	T3_ALTERED	SYN_FRAGILE	SYN_carb_FRAGILE	BA_MID	TRP_HIGH	PROT_HIGH	MUC_HIGH	HIS_LOW	TMA_LOW	UREM_MID	IRON_HIGH	LPS_HIGH	ETU_HIGH	HYS_MID	T3_ALTERED × SYN_FRAGILE × SYN_carb_FRAGILE
sample_082	0.41970238685538774	0.27660399085827425	-0.7732260471031943	0.5336126843586905	0.9820505738284492	-0.3209516543789144	-1.3413232246032494	0.17705739107315477	-1.9549915688823052	0.3583421610754617	1.433242452377902	-0.14681731296901884	-1.8115053960550296	-0.3584866518242747	T2_PRESERVED	SYN_PARTIAL	SYN_carb_FRAGILE	BA_HIGH	TRP_HIGH	PROT_LOW	MUC_LOW	HIS_MID	TMA_LOW	UREM_MID	IRON_HIGH	LPS_MID	ETU_LOW	HYS_LOW	T2_PRESERVED × SYN_PARTIAL × SYN_carb_FRAGILE
sample_083	0.218850032541422	0.1437943004000268	-1.3408890313448152	0.32862134198128023	0.7537505858817826	-0.2805039317469923	0.9090771046976525	0.01595096263455473	-1.029569946437852	0.6222550444505706	-0.12456550311604192	-0.33269344630182485	-0.32943879235142093	-2.3384686853018466	T2_PRESERVED	SYN_PARTIAL	SYN_carb_FRAGILE	BA_MID	TRP_HIGH	PROT_LOW	MUC_HIGH	HIS_MID	TMA_LOW	UREM_HIGH	IRON_MID	LPS_LOW	ETU_LOW	HYS_LOW	T2_PRESERVED × SYN_PARTIAL × SYN_carb_FRAGILE
sample_084	0.14161797242568575	0.5778846190852933	1.4235114633352601	0.0796163320745345	1.6748097699945095	0.7997262488684157	-0.2831356496464834	0.8474935063487012	-0.38009990149920464	0.5433826700530252	-0.08537559371696817	-0.07469334531744473	0.3899960967393983	-1.3727013295483699	T2_PRESERVED	SYN_RESILIENT	SYN_carb_RESILIENT	BA_MID	TRP_HIGH	PROT_HIGH	MUC_MID	HIS_HIGH	TMA_MID	UREM_HIGH	IRON_MID	LPS_MID	ETU_MID	HYS_LOW	T2_PRESERVED × SYN_RESILIENT × SYN_carb_RESILIENT
sample_085	0.680434725890396	1.1520616669584725	0.6520799414572538	0.7320528646934235	0.6601905358668898	0.6982600408423927	1.0874300285969019	-1.2502940860713927	-1.4048262766052233	1.294343600317788	0.6109078782741432	-1.0398006944601421	-2.9037374912473517	-0.14342386814480676	T1_EUBIOTIC	SYN_RESILIENT	SYN_carb_RESILIENT	BA_HIGH	TRP_HIGH	PROT_HIGH	MUC_HIGH	HIS_LOW	TMA_LOW	UREM_HIGH	IRON_HIGH	LPS_LOW	ETU_LOW	HYS_MID	T1_EUBIOTIC × SYN_RESILIENT × SYN_carb_RESILIENT
sample_086	-0.48517954120100637	-0.250771583955701	-2.178638268700376	-0.06754398597745823	-0.32022669834638684	0.40443834196037587	0.8418548632506238	1.4029016022777923	0.685031750438737	-0.7123359634338149	-1.749088966233173	0.08370682766907374	0.8671149749658845	0.27588945004984067	T3_ALTERED	SYN_FRAGILE	SYN_carb_FRAGILE	BA_MID	TRP_MID	PROT_MID	MUC_HIGH	HIS_HIGH	TMA_HIGH	UREM_LOW	IRON_LOW	LPS_MID	ETU_HIGH	HYS_MID	T3_ALTERED × SYN_FRAGILE × SYN_carb_FRAGILE
sample_087	0.08462923417984547	0.8008920590207401	0.037954524523078334	0.16107297226664233	1.1329720240495276	-0.6518610306260008	-0.0194340915424436	1.1493743009715218	0.7820798392152566	0.15120178270922513	-0.11140410044368171	-0.80450620373844	-0.6769319144957484	1.2433689559895142	T2_PRESERVED	SYN_RESILIENT	SYN_carb_PARTIAL	BA_MID	TRP_HIGH	PROT_LOW	MUC_MID	HIS_HIGH	TMA_HIGH	UREM_MID	IRON_MID	LPS_LOW	ETU_LOW	HYS_HIGH	T2_PRESERVED × SYN_RESILIENT × SYN_carb_PARTIAL
sample_088	0.07393358138722106	0.012310481444045618	-0.11632534636824785	0.13981284553803427	-0.6770119268521676	0.5593852980487458	-1.1331008201882444	-2.1812684640630615	-0.7392776078358329	0.4883075850567965	-0.12456550311604192	0.3050967964375346	0.9273491028976409	1.576572205136788	T2_PRESERVED	SYN_PARTIAL	SYN_carb_PARTIAL	BA_MID	TRP_LOW	PROT_HIGH	MUC_LOW	HIS_LOW	TMA_LOW	UREM_HIGH	IRON_MID	LPS_MID	ETU_HIGH	HYS_HIGH	T2_PRESERVED × SYN_PARTIAL × SYN_carb_PARTIAL
sample_089	-0.6256903079321041	-0.5571059422639175	-0.23120473111238468	-0.18698130582829475	-0.034146795668743464	-0.8262338373843412	-1.4888970258454364	0.6666168844070547	-0.311004771925322	0.8453902079651131	-0.25481727588857817	0.9601290736144221	0.3899960967393983	0.5615446427288546	T4_DYSBIOTIC	SYN_FRAGILE	SYN_carb_PARTIAL	BA_MID	TRP_MID	PROT_LOW	MUC_LOW	HIS_HIGH	TMA_MID	UREM_HIGH	IRON_MID	LPS_HIGH	ETU_MID	HYS_HIGH	T4_DYSBIOTIC × SYN_FRAGILE × SYN_carb_PARTIAL
sample_090	-0.14666166660399804	0.13809349202654775	0.9804069615746037	0.01674629093167928	0.9712762457117834	-0.5566538719455209	0.9313356468492019	0.03989831536430605	0.4044474820676864	0.5317559944713527	0.5956774096167897	1.1252451394856546	-0.030603980536071645	0.258177179738613	T3_ALTERED	SYN_PARTIAL	SYN_carb_RESILIENT	BA_MID	TRP_HIGH	PROT_LOW	MUC_HIGH	HIS_MID	TMA_HIGH	UREM_HIGH	IRON_HIGH	LPS_HIGH	ETU_MID	HYS_MID	T3_ALTERED × SYN_PARTIAL × SYN_carb_RESILIENT
sample_091	-0.2402715816638651	-0.7332415134799792	0.2400290971977648	-0.2167338909037337	1.2028354228926432	0.34311547780465895	-0.5841420650602863	0.06612299345277292	-0.4434312172922314	0.605711854928347	-1.0420074561727002	0.37688099378718715	-0.2251171202264367	-0.9291415584591551	T3_ALTERED	SYN_FRAGILE	SYN_carb_PARTIAL	BA_LOW	TRP_HIGH	PROT_MID	MUC_LOW	HIS_MID	TMA_LOW	UREM_HIGH	IRON_LOW	LPS_MID	ETU_LOW	HYS_LOW	T3_ALTERED × SYN_FRAGILE × SYN_carb_PARTIAL
sample_092	-0.40684669153599434	0.5545201214675337	-0.01245361364371555	0.28469652824399544	1.2998781912315627	0.0865619911437124	0.13336138579196408	0.2618639138715873	1.396199430075193	0.5002870740724642	-0.6087212630791274	0.5158306441341544	-3.2935719997586395	0.6876352303253174	T3_ALTERED	SYN_RESILIENT	SYN_carb_PARTIAL	BA_MID	TRP_HIGH	PROT_MID	MUC_MID	HIS_MID	TMA_HIGH	UREM_HIGH	IRON_LOW	LPS_HIGH	ETU_LOW	HYS_HIGH	T3_ALTERED × SYN_RESILIENT × SYN_carb_PARTIAL
sample_093	0.14546687972091701	0.4797218440875258	-0.6385661119460904	0.4555210325926104	0.5677767233925192	0.7395025782902094	-0.7448611402164387	-0.6703758942790661	0.11851479304430232	0.5002870740724642	0.9716510424094738	-0.03482795108391607	0.5375145943863536	-0.4657079253976953	T2_PRESERVED	SYN_PARTIAL	SYN_carb_FRAGILE	BA_HIGH	TRP_HIGH	PROT_HIGH	MUC_LOW	HIS_LOW	TMA_MID	UREM_HIGH	IRON_HIGH	LPS_MID	ETU_MID	HYS_LOW	T2_PRESERVED × SYN_PARTIAL × SYN_carb_FRAGILE
sample_094	-0.2722854032323806	-0.06392166279861228	-0.7956196846358161	0.277784609493059	-0.3749054244223092	0.4351276330944967	-1.9959874177624342	0.37149959711705327	1.5571149469476075	-0.8521379991665763	-0.24063933131833182	-1.301795562411285	-0.2251171202264367	0.16662436639174377	T3_ALTERED	SYN_PARTIAL	SYN_carb_FRAGILE	BA_MID	TRP_LOW	PROT_MID	MUC_LOW	HIS_MID	TMA_HIGH	UREM_LOW	IRON_MID	LPS_LOW	ETU_LOW	HYS_MID	T3_ALTERED × SYN_PARTIAL × SYN_carb_FRAGILE
sample_095	2.115589505362953	1.1660655978118226	-1.1608356552810108	1.5351419929512362	1.4508050482919461	0.6299337043517061	0.3185665277643976	0.05319398598576334	0.8377526034854641	0.13849306782038237	1.123388231637247	-4.548195645358081	1.205424818257443	-0.07654237589973693	T1_EUBIOTIC	SYN_RESILIENT	SYN_carb_FRAGILE	BA_HIGH	TRP_HIGH	PROT_HIGH	MUC_MID	HIS_MID	TMA_HIGH	UREM_MID	IRON_HIGH	LPS_LOW	ETU_HIGH	HYS_MID	T1_EUBIOTIC × SYN_RESILIENT × SYN_carb_FRAGILE
sample_096	1.1435390175538003	1.0086926159943346	0.18671572222170638	1.1880205076951298	-0.24694517496822685	0.8084395578428007	-0.7718970140903756	0.12829238714115088	-2.1040028770736003	-0.4031846068139015	1.2480039165616656	-0.80450620373844	-0.32943879235142093	-0.36591690966907137	T1_EUBIOTIC	SYN_RESILIENT	SYN_carb_PARTIAL	BA_HIGH	TRP_MID	PROT_HIGH	MUC_LOW	HIS_MID	TMA_LOW	UREM_LOW	IRON_HIGH	LPS_LOW	ETU_LOW	HYS_LOW	T1_EUBIOTIC × SYN_RESILIENT × SYN_carb_PARTIAL
sample_097	1.235295651891204	0.9157139194768158	-1.6820636742170594	1.2922899410966342	1.599446568598484	0.1344664673399395	1.1064314162531173	0.1843837135515868	-1.6489479572389167	0.7074274524386994	2.0525341049776697	-0.5745341244912464	-1.0920705069642105	0.6699229600140896	T1_EUBIOTIC	SYN_RESILIENT	SYN_carb_FRAGILE	BA_HIGH	TRP_HIGH	PROT_MID	MUC_HIGH	HIS_MID	TMA_LOW	UREM_HIGH	IRON_HIGH	LPS_LOW	ETU_LOW	HYS_HIGH	T1_EUBIOTIC × SYN_RESILIENT × SYN_carb_FRAGILE
sample_098	0.6288065798833282	0.9591129029342793	0.9062070911523332	1.1533203866354294	0.6413674519176448	1.7684652164626928	-0.06530138600978208	0.248626678803351	-2.0139520129366417	1.426026461709582	0.1583521236314003	-0.22044417318429846	0.8671149749658845	-0.030388083060124565	T1_EUBIOTIC	SYN_RESILIENT	SYN_carb_RESILIENT	BA_HIGH	TRP_HIGH	PROT_HIGH	MUC_MID	HIS_MID	TMA_LOW	UREM_HIGH	IRON_MID	LPS_LOW	ETU_HIGH	HYS_MID	T1_EUBIOTIC × SYN_RESILIENT × SYN_carb_RESILIENT
sample_099	-0.42042446695352276	-0.3844985814983971	-3.187684127586655	-0.5397237685277806	1.5147254815032722	-1.4621840959171752	-0.18107581622909902	0.48101540855763714	2.187966378807188	-1.2992521113129019	0.3721555639482441	-0.0911492877716427	1.1526278113521884	-0.1762580140641487	T3_ALTERED	SYN_FRAGILE	SYN_carb_FRAGILE	BA_LOW	TRP_HIGH	PROT_LOW	MUC_MID	HIS_HIGH	TMA_HIGH	UREM_LOW	IRON_MID	LPS_MID	ETU_HIGH	HYS_MID	T3_ALTERED × SYN_FRAGILE × SYN_carb_FRAGILE
sample_100	0.7599989702009667	0.7549167987119665	-0.09449213752702051	1.0091225567722095	0.7684145378720658	-0.22761179114772592	1.1776479927184853	-0.04138538564769179	1.2595601396810692	0.02709093506687645	0.13289360467784117	0.029123675071083332	0.98593277135769	0.1985935572289635	T1_EUBIOTIC	SYN_RESILIENT	SYN_carb_PARTIAL	BA_HIGH	TRP_HIGH	PROT_MID	MUC_HIGH	HIS_MID	TMA_HIGH	UREM_MID	IRON_MID	LPS_MID	ETU_HIGH	HYS_MID	T1_EUBIOTIC × SYN_RESILIENT × SYN_carb_PARTIAL
sample_101	0.007433644260715276	0.7652560121200179	0.4576321105339597	0.14698335652239589	0.4753491011916546	-0.18716406851580591	-0.1806067969163468	0.6932612947024881	0.245136532304067	-1.3412119572723569	0.9033958339160142	-0.49294847765626665	0.8051346892078611	-2.0859129829506644	T2_PRESERVED	SYN_RESILIENT	SYN_carb_PARTIAL	BA_MID	TRP_HIGH	PROT_MID	MUC_MID	HIS_HIGH	TMA_MID	UREM_LOW	IRON_HIGH	LPS_LOW	ETU_HIGH	HYS_LOW	T2_PRESERVED × SYN_RESILIENT × SYN_carb_PARTIAL
sample_102	-1.687565784530265	-1.5949853395454787	1.317844143804717	-0.8828688235278314	0.8934048955308658	0.42203546620696786	-0.3057984461223094	0.045263126198269124	-0.4613878252195726	-0.03199944606199179	0.8399751147383141	0.6687275153975539	0.3899960967393983	1.4414457162141676	T4_DYSBIOTIC	SYN_FRAGILE	SYN_carb_RESILIENT	BA_LOW	TRP_HIGH	PROT_MID	MUC_MID	HIS_MID	TMA_LOW	UREM_MID	IRON_HIGH	LPS_HIGH	ETU_MID	HYS_HIGH	T4_DYSBIOTIC × SYN_FRAGILE × SYN_carb_RESILIENT
sample_103	0.6158605023214752	0.6212535780076689	-2.3134973076406267	0.16031239133532169	0.4962577429158813	0.7484728206678262	0.077184765495053	0.42299764292796754	-0.07287841117468956	0.22037940554904684	0.6851266355212065	-0.34638567716608937	-0.32943879235142093	-1.3727013295483699	T1_EUBIOTIC	SYN_RESILIENT	SYN_carb_FRAGILE	BA_MID	TRP_HIGH	PROT_HIGH	MUC_MID	HIS_MID	TMA_MID	UREM_MID	IRON_HIGH	LPS_LOW	ETU_LOW	HYS_LOW	T1_EUBIOTIC × SYN_RESILIENT × SYN_carb_FRAGILE
sample_104	-0.5159434034299809	-0.706085280286091	-2.1676432027533767	-0.4059915063317628	-3.7369505796233584	0.23606876987028189	0.7126650604661576	-0.16431166059971114	0.3346435988139236	1.7739874708200754	-1.7407250289701024	1.1008513318626345	-0.030603980536071645	-1.2215622213712216	T4_DYSBIOTIC	SYN_FRAGILE	SYN_carb_FRAGILE	BA_LOW	TRP_LOW	PROT_MID	MUC_HIGH	HIS_MID	TMA_MID	UREM_HIGH	IRON_LOW	LPS_HIGH	ETU_MID	HYS_LOW	T4_DYSBIOTIC × SYN_FRAGILE × SYN_carb_FRAGILE
sample_105	0.6998131276840212	0.5356383573739134	-0.34643116504084515	0.6828658972345291	0.7091751033225113	0.43804659771975757	0.8356057027546542	0.5201176254665291	-0.24296653169832205	-0.6715582435732487	0.024141489734283816	-0.7466265283420287	1.4974465489834627	-0.9134632661207274	T1_EUBIOTIC	SYN_RESILIENT	SYN_carb_PARTIAL	BA_HIGH	TRP_HIGH	PROT_MID	MUC_HIGH	HIS_HIGH	TMA_MID	UREM_LOW	IRON_MID	LPS_LOW	ETU_HIGH	HYS_LOW	T1_EUBIOTIC × SYN_RESILIENT × SYN_carb_PARTIAL
sample_106	0.00017757669339184682	0.17558664085246622	1.5702184893348068	0.2473722327945344	-0.1817078593766985	0.22966949996001662	0.9426484470301854	0.6224499410525711	-0.4928742917479058	0.9452583089545488	-0.7731875422282694	0.2669283255129307	0.8051346892078611	-0.6321828932551813	T2_PRESERVED	SYN_PARTIAL	SYN_carb_RESILIENT	BA_MID	TRP_MID	PROT_MID	MUC_HIGH	HIS_HIGH	TMA_LOW	UREM_HIGH	IRON_LOW	LPS_MID	ETU_HIGH	HYS_LOW	T2_PRESERVED × SYN_PARTIAL × SYN_carb_RESILIENT
sample_107	0.5698681495416642	0.9547108545997571	-0.5032091741742976	0.48589930540231163	-0.009932010541026938	0.8304155400025386	0.5262282535706118	-0.8273340888111188	-1.1040174930578834	-0.9247883232756452	-0.15119010541391512	-0.6642913422229694	1.5424623198634757	1.0807890790353274	T2_PRESERVED	SYN_RESILIENT	SYN_carb_FRAGILE	BA_HIGH	TRP_MID	PROT_HIGH	MUC_HIGH	HIS_LOW	TMA_LOW	UREM_LOW	IRON_MID	LPS_LOW	ETU_HIGH	HYS_HIGH	T2_PRESERVED × SYN_RESILIENT × SYN_carb_FRAGILE
sample_108	0.10642796800011661	0.4051430576203955	0.5882385218777031	0.17262237633453448	0.4281761953891352	-0.8886083707160254	1.0046129747935069	0.20524092109624184	-2.8902135061624836	1.0872032219515515	-0.5827573456069023	0.12868234228813352	0.31223588593180596	-0.3073975087276397	T2_PRESERVED	SYN_PARTIAL	SYN_carb_RESILIENT	BA_MID	TRP_MID	PROT_LOW	MUC_HIGH	HIS_MID	TMA_LOW	UREM_HIGH	IRON_LOW	LPS_MID	ETU_MID	HYS_LOW	T2_PRESERVED × SYN_PARTIAL × SYN_carb_RESILIENT
sample_109	-0.9829875066146052	-0.5002936529123952	1.4783480945352543	-0.771063960406346	-0.3982233948109089	-3.1306140052166453	0.40200937299345435	1.17388427473238	-0.2816811912247381	0.764862586586011	0.09253761193445183	0.33269354925503963	-3.770690877985126	1.0590885095120481	T4_DYSBIOTIC	SYN_FRAGILE	SYN_carb_RESILIENT	BA_LOW	TRP_LOW	PROT_LOW	MUC_MID	HIS_HIGH	TMA_MID	UREM_HIGH	IRON_MID	LPS_MID	ETU_LOW	HYS_HIGH	T4_DYSBIOTIC × SYN_FRAGILE × SYN_carb_RESILIENT
sample_110	1.7094013471660277	1.410821447569919	-0.944161109671843	1.2924338008151628	0.08749294986545116	0.634645329989362	0.42429749734627026	0.4781669235910306	0.5066247118879105	-0.22857398680362792	0.027171686111731368	-2.2251826589525305	0.5375145943863536	-0.2930885178033636	T1_EUBIOTIC	SYN_RESILIENT	SYN_carb_FRAGILE	BA_HIGH	TRP_MID	PROT_HIGH	MUC_MID	HIS_HIGH	TMA_HIGH	UREM_LOW	IRON_MID	LPS_LOW	ETU_MID	HYS_LOW	T1_EUBIOTIC × SYN_RESILIENT × SYN_carb_FRAGILE
sample_111	-0.5196438998960763	-0.5281223175548194	0.4198863689758934	-0.5979169459909196	-0.7107325591225618	-0.08238028852551689	-0.4393961330262643	0.08440088643804139	-0.512063191230805	-1.7482055036655766	0.22718021947173808	0.5510047092678876	-0.6769319144957484	-0.5261712091615852	T4_DYSBIOTIC	SYN_FRAGILE	SYN_carb_PARTIAL	BA_LOW	TRP_LOW	PROT_MID	MUC_LOW	HIS_MID	TMA_LOW	UREM_LOW	IRON_MID	LPS_HIGH	ETU_LOW	HYS_LOW	T4_DYSBIOTIC × SYN_FRAGILE × SYN_carb_PARTIAL
sample_112	-0.10861680747017739	-0.05618660839875681	-0.5271389893159706	0.020759844467770877	-0.3439040583005138	0.022591927348478584	1.5272450309156762	0.2698326558498771	-0.11668215927613158	0.5510822271837146	-1.1456346266473632	0.4271833568673709	0.23154064358657503	-0.8077253507714656	T3_ALTERED	SYN_PARTIAL	SYN_carb_FRAGILE	BA_MID	TRP_LOW	PROT_MID	MUC_HIGH	HIS_MID	TMA_MID	UREM_HIGH	IRON_LOW	LPS_MID	ETU_MID	HYS_LOW	T3_ALTERED × SYN_PARTIAL × SYN_carb_FRAGILE
sample_113	0.3801904293785956	0.4181512003893044	0.07936768888848314	0.4621815365168488	0.201567102378925	1.0277817127466438	0.7939906319528778	0.5934267266153584	0.17325188519921872	0.3583421610754617	-0.8921343799780603	-0.23494837667188492	0.98593277135769	0.7585050217824387	T2_PRESERVED	SYN_PARTIAL	SYN_carb_PARTIAL	BA_HIGH	TRP_MID	PROT_HIGH	MUC_HIGH	HIS_HIGH	TMA_MID	UREM_MID	IRON_LOW	LPS_LOW	ETU_HIGH	HYS_HIGH	T2_PRESERVED × SYN_PARTIAL × SYN_carb_PARTIAL
sample_114	1.0642162186422812	1.0947557163574537	0.6542398230018522	0.861026370481796	0.034714253996079275	2.112796987310264	-0.012225572205733991	0.09572757531759922	-0.5105323553959102	0.2701759292121762	0.23794493005112763	-1.4979212210324926	-0.030603980536071645	0.005621477387430892	T1_EUBIOTIC	SYN_RESILIENT	SYN_carb_RESILIENT	BA_HIGH	TRP_MID	PROT_HIGH	MUC_MID	HIS_MID	TMA_LOW	UREM_MID	IRON_MID	LPS_LOW	ETU_MID	HYS_MID	T1_EUBIOTIC × SYN_RESILIENT × SYN_carb_RESILIENT
sample_115	-0.4056717714134231	-0.27523233741304765	0.671780347108741	-0.3383222211317808	0.1964910603799599	-0.7892108624677787	0.41102095161161445	-0.4702609886533641	-1.5742276943944409	-0.4256271234589098	0.676802621738328	-0.160169773531361	-1.0920705069642105	-0.2648400758324964	T3_ALTERED	SYN_FRAGILE	SYN_carb_RESILIENT	BA_LOW	TRP_MID	PROT_LOW	MUC_MID	HIS_LOW	TMA_LOW	UREM_LOW	IRON_HIGH	LPS_MID	ETU_LOW	HYS_MID	T3_ALTERED × SYN_FRAGILE × SYN_carb_RESILIENT
sample_116	0.6659514347907304	0.4527506971829849	-1.200653318677889	0.091415434235885	0.6884903029818153	0.11487599534329486	1.7011720799157053	-0.9635112635036458	-0.9560863325866287	0.20583141045385756	0.23794493005112763	-0.21804944892777225	-0.12564941191007556	0.26832191213066986	T1_EUBIOTIC	SYN_PARTIAL	SYN_carb_FRAGILE	BA_MID	TRP_HIGH	PROT_MID	MUC_HIGH	HIS_LOW	TMA_LOW	UREM_MID	IRON_MID	LPS_LOW	ETU_MID	HYS_MID	T1_EUBIOTIC × SYN_PARTIAL × SYN_carb_FRAGILE
sample_117	-0.11068396653429531	-0.2852545463401618	-0.1409505260788378	-0.5027359036031915	0.4479849950057102	0.6473388895378857	-0.3164855443434454	-1.0813272585931604	-0.3916798701899492	-0.22200928925881253	0.2959916000561636	0.008928224528548995	0.5375145943863536	1.1808390441158376	T3_ALTERED	SYN_FRAGILE	SYN_carb_PARTIAL	BA_LOW	TRP_MID	PROT_HIGH	MUC_MID	HIS_LOW	TMA_LOW	UREM_LOW	IRON_MID	LPS_MID	ETU_MID	HYS_HIGH	T3_ALTERED × SYN_FRAGILE × SYN_carb_PARTIAL
sample_118	0.33390473827578293	0.3835538735463287	-0.9001867886101043	0.4847903420191271	0.892407356598249	-0.0683849649446576	-0.6691741400033034	0.44444096055047894	-0.2907898814321019	-0.6670974901890115	-0.9869909825451132	0.9426010166258503	0.5375145943863536	0.527366213246674	T2_PRESERVED	SYN_PARTIAL	SYN_carb_FRAGILE	BA_HIGH	TRP_HIGH	PROT_MID	MUC_LOW	HIS_HIGH	TMA_MID	UREM_LOW	IRON_LOW	LPS_HIGH	ETU_MID	HYS_HIGH	T2_PRESERVED × SYN_PARTIAL × SYN_carb_FRAGILE
sample_119	-1.7956854811208187	-1.879059779854877	0.3914174757294497	-1.2137126003387797	0.12732216092119136	-2.7534887539721558	-2.737927730165548	0.43883668502985845	0.4066716320018594	-0.551577251307605	1.89389046087542	1.3088502008071659	0.3899960967393983	0.3279055346403194	T4_DYSBIOTIC	SYN_FRAGILE	SYN_carb_PARTIAL	BA_LOW	TRP_MID	PROT_LOW	MUC_LOW	HIS_MID	TMA_HIGH	UREM_LOW	IRON_HIGH	LPS_HIGH	ETU_MID	HYS_MID	T4_DYSBIOTIC × SYN_FRAGILE × SYN_carb_PARTIAL
sample_120	0.18791703029785978	0.4788475631855499	-1.5388105193819812	-0.1948704036259248	-0.9992109180798641	-0.34145549265205877	-0.7958427370161372	-1.199086844775758	-0.6771612250068919	-0.4522575546920868	-0.06610603216779652	0.37688099378718715	0.741303974827698	1.0976401481215154	T2_PRESERVED	SYN_PARTIAL	SYN_carb_FRAGILE	BA_MID	TRP_LOW	PROT_LOW	MUC_LOW	HIS_LOW	TMA_LOW	UREM_LOW	IRON_MID	LPS_MID	ETU_HIGH	HYS_HIGH	T2_PRESERVED × SYN_PARTIAL × SYN_carb_FRAGILE
sample_121	1.1269681942253171	0.5815276095437621	-1.101553725249104	1.0182007529778219	-0.7698282585374463	-0.5193199716147934	-0.3476881047680047	-0.4818465627306961	-0.10865830909244582	-1.4065243886897028	-1.0873055244485854	-1.8036722645961005	0.8671149749658845	0.20648932695262978	T1_EUBIOTIC	SYN_RESILIENT	SYN_carb_FRAGILE	BA_HIGH	TRP_LOW	PROT_LOW	MUC_MID	HIS_LOW	TMA_MID	UREM_LOW	IRON_LOW	LPS_LOW	ETU_HIGH	HYS_MID	T1_EUBIOTIC × SYN_RESILIENT × SYN_carb_FRAGILE
sample_122	0.061038353903879	-0.02396228194342378	0.03587698583073557	-0.2521555174455607	-0.47070873660253937	1.3509030026359152	0.7489190489293223	-0.9717961662665411	0.31470134135606126	-0.6670974901890115	-0.67990982394874	0.4376049245093156	-2.0367841045095774	-1.2596655444636877	T2_PRESERVED	SYN_PARTIAL	SYN_carb_PARTIAL	BA_LOW	TRP_LOW	PROT_HIGH	MUC_HIGH	HIS_LOW	TMA_MID	UREM_LOW	IRON_LOW	LPS_MID	ETU_LOW	HYS_LOW	T2_PRESERVED × SYN_PARTIAL × SYN_carb_PARTIAL
sample_123	-0.3630364381168162	-0.029677855716103554	-1.663870540372488	0.11076674575436535	0.06609592220956184	-0.39977393229820213	-0.41745890347769077	1.513915642697991	-0.701340384515569	0.7927475583329446	-0.40332206831239836	0.20346094542865825	0.060395716159867316	-0.4421338633355998	T3_ALTERED	SYN_PARTIAL	SYN_carb_FRAGILE	BA_MID	TRP_MID	PROT_LOW	MUC_LOW	HIS_HIGH	TMA_LOW	UREM_HIGH	IRON_LOW	LPS_MID	ETU_MID	HYS_LOW	T3_ALTERED × SYN_PARTIAL × SYN_carb_FRAGILE
sample_124	-1.7796807164325328	-0.49344095162665486	-0.6254919744324658	-1.3372218763229375	0.4168766443259089	-0.015001927365329695	-1.6460578783141409	-5.320244570647897	1.2292835124443373	0.12051130455961111	-1.0420074561727002	0.9910897821189245	0.46502730891305705	-0.14342386814480676	T4_DYSBIOTIC	SYN_FRAGILE	SYN_carb_FRAGILE	BA_LOW	TRP_MID	PROT_MID	MUC_LOW	HIS_LOW	TMA_HIGH	UREM_MID	IRON_LOW	LPS_HIGH	ETU_MID	HYS_MID	T4_DYSBIOTIC × SYN_FRAGILE × SYN_carb_FRAGILE
sample_125	-0.9483649322983028	-0.7997098066335601	0.5180981128635608	-0.6423158323612356	0.0395885467537154	-0.03212943050259367	-0.6937943381797602	0.8891020553701884	-1.1013789197573645	-0.7975083714219439	-0.000291520470849572	1.0107469789606414	0.46502730891305705	-0.44213386333560123	T4_DYSBIOTIC	SYN_FRAGILE	SYN_carb_PARTIAL	BA_LOW	TRP_MID	PROT_MID	MUC_LOW	HIS_HIGH	TMA_LOW	UREM_LOW	IRON_MID	LPS_HIGH	ETU_MID	HYS_LOW	T4_DYSBIOTIC × SYN_FRAGILE × SYN_carb_PARTIAL
sample_126	-0.3841395942822982	-0.37605926781050575	0.8444309216326596	0.004762575630330338	1.754294708375991	-0.05314127390636641	-1.0768772009496228	-0.12480837093413387	-0.4496416762485875	0.09705873042638055	-0.17482481962138335	0.8941122511327759	0.060395716159867316	-0.6147532709299329	T3_ALTERED	SYN_FRAGILE	SYN_carb_RESILIENT	BA_MID	TRP_HIGH	PROT_MID	MUC_LOW	HIS_MID	TMA_LOW	UREM_MID	IRON_MID	LPS_HIGH	ETU_MID	HYS_LOW	T3_ALTERED × SYN_FRAGILE × SYN_carb_RESILIENT
sample_127	-1.25512494027607	-1.9732279871723668	1.2860686541512258	-1.9473316646047123	-0.9687244348595654	-0.0013049285434701364	-0.41853114801949426	-0.1909382797937785	-0.6566338680182585	-0.7975083714219439	0.78791520171116	0.5009364325076985	-3.770690877985126	1.3988882833190257	T4_DYSBIOTIC	SYN_FRAGILE	SYN_carb_RESILIENT	BA_LOW	TRP_LOW	PROT_MID	MUC_LOW	HIS_MID	TMA_LOW	UREM_LOW	IRON_HIGH	LPS_MID	ETU_LOW	HYS_HIGH	T4_DYSBIOTIC × SYN_FRAGILE × SYN_carb_RESILIENT
sample_128	0.9384407846915268	0.8350616649112087	-0.21133745351279073	1.0051205493238493	-0.49604333765148984	-0.3967876931274459	-0.016092547021604106	-0.8551119624071761	-0.47632672938208737	0.8748531996492781	-2.9917155560910604	-1.1961649444356466	-0.43911258276389176	-0.0003254222332056075	T1_EUBIOTIC	SYN_RESILIENT	SYN_carb_PARTIAL	BA_HIGH	TRP_LOW	PROT_LOW	MUC_MID	HIS_LOW	TMA_LOW	UREM_HIGH	IRON_LOW	LPS_LOW	ETU_LOW	HYS_MID	T1_EUBIOTIC × SYN_RESILIENT × SYN_carb_PARTIAL
sample_129	0.6247766966086761	0.5508011156714236	0.44599343440010597	0.6962431368705823	1.468162717974883	-2.322317223248359	0.10495558323902178	0.6888823827985775	-0.6620447453131602	1.0725481067995062	-0.8819063296818562	-0.2546595811436923	0.6076248144236842	-0.1762580140641487	T1_EUBIOTIC	SYN_RESILIENT	SYN_carb_PARTIAL	BA_HIGH	TRP_HIGH	PROT_LOW	MUC_MID	HIS_HIGH	TMA_LOW	UREM_HIGH	IRON_LOW	LPS_LOW	ETU_HIGH	HYS_MID	T1_EUBIOTIC × SYN_RESILIENT × SYN_carb_PARTIAL
sample_130	0.7078181733221683	0.670203243251847	-0.20276187750999797	0.6672017574691022	-1.5193881591129819	1.5592801003956542	-0.6104992216858244	0.48382763647718335	0.4859116162970418	0.7091496576717646	0.06312919870685206	-1.4400415456360813	0.6755089331257023	-0.2233601629016557	T1_EUBIOTIC	SYN_RESILIENT	SYN_carb_PARTIAL	BA_HIGH	TRP_LOW	PROT_HIGH	MUC_LOW	HIS_HIGH	TMA_HIGH	UREM_HIGH	IRON_MID	LPS_LOW	ETU_HIGH	HYS_MID	T1_EUBIOTIC × SYN_RESILIENT × SYN_carb_PARTIAL
sample_131	0.20682732415745608	0.713605227768919	0.03894327248829981	0.8272793400592635	-0.2136557176319906	1.5349377378539173	-1.6611296840520637	-1.0713862449812952	-0.41047127672886136	-0.37016005668158414	-0.1345021543679661	-0.5709823428143992	-2.0367841045095774	0.39946140679416087	T2_PRESERVED	SYN_RESILIENT	SYN_carb_PARTIAL	BA_HIGH	TRP_MID	PROT_HIGH	MUC_LOW	HIS_LOW	TMA_LOW	UREM_LOW	IRON_MID	LPS_LOW	ETU_LOW	HYS_MID	T2_PRESERVED × SYN_RESILIENT × SYN_carb_PARTIAL
sample_132	1.4613819527362435	1.295159535416122	1.0554140888746655	0.6555920075361306	1.3388520603630687	-0.4557319829579783	-0.08956598208393379	1.5855738692928967	-0.18762324252432014	1.0818912404759577	-1.916136855885536	-0.2773651914063719	0.5375145943863536	-0.012284373481315756	T1_EUBIOTIC	SYN_RESILIENT	SYN_carb_RESILIENT	BA_HIGH	TRP_HIGH	PROT_LOW	MUC_MID	HIS_HIGH	TMA_MID	UREM_HIGH	IRON_LOW	LPS_LOW	ETU_MID	HYS_MID	T1_EUBIOTIC × SYN_RESILIENT × SYN_carb_RESILIENT
sample_133	-0.32425326092673545	-0.2672808428892594	0.9170869494572328	-0.5060253286777725	-0.25323047997290227	-0.2542977556615875	-0.18697953195982686	0.10207859672347375	0.441873387768551	0.7245579876081127	-0.4267301724777758	0.4614610464130392	0.14768008587506537	1.0307586558764457	T3_ALTERED	SYN_FRAGILE	SYN_carb_RESILIENT	BA_LOW	TRP_MID	PROT_LOW	MUC_MID	HIS_MID	TMA_HIGH	UREM_HIGH	IRON_LOW	LPS_MID	ETU_MID	HYS_HIGH	T3_ALTERED × SYN_FRAGILE × SYN_carb_RESILIENT
sample_134	0.13000258355500405	0.5227165605244485	1.0284123865589743	0.7853597046863229	0.4627826332301676	0.8231043827689746	0.6624801653996382	0.3125600026799494	1.1274293648152545	1.0386786784472837	0.024141489734283816	0.28893737364257455	-0.6769319144957484	0.7472188528349654	T2_PRESERVED	SYN_RESILIENT	SYN_carb_RESILIENT	BA_HIGH	TRP_MID	PROT_HIGH	MUC_HIGH	HIS_MID	TMA_HIGH	UREM_HIGH	IRON_MID	LPS_MID	ETU_LOW	HYS_HIGH	T2_PRESERVED × SYN_RESILIENT × SYN_carb_RESILIENT
sample_135	1.6485876768931453	1.104017952910473	-0.10338794212355995	0.7168343717921012	-1.0880462225931349	0.4166491944649213	0.30617579567194303	-0.7211761471238048	0.4202772043699652	1.397424828770048	-2.184956769829969	-1.8615519399925118	0.3899960967393983	0.27588945004984067	T1_EUBIOTIC	SYN_RESILIENT	SYN_carb_PARTIAL	BA_HIGH	TRP_LOW	PROT_MID	MUC_MID	HIS_LOW	TMA_HIGH	UREM_HIGH	IRON_LOW	LPS_LOW	ETU_MID	HYS_MID	T1_EUBIOTIC × SYN_RESILIENT × SYN_carb_PARTIAL
sample_136	1.5325508286344605	0.983795009376549	-0.9871181062942452	0.9665656179002997	0.7654719851054621	0.7395025782902094	0.42232400923019225	-1.0517247082517196	0.998909254879775	-0.6895400068340198	-0.8870128562486118	-1.247425964690169	0.8051346892078611	1.3302622422896662	T1_EUBIOTIC	SYN_RESILIENT	SYN_carb_FRAGILE	BA_HIGH	TRP_HIGH	PROT_HIGH	MUC_MID	HIS_LOW	TMA_HIGH	UREM_LOW	IRON_LOW	LPS_LOW	ETU_HIGH	HYS_HIGH	T1_EUBIOTIC × SYN_RESILIENT × SYN_carb_FRAGILE
sample_137	-0.1715836648601933	-0.06987530405408213	-1.0369313578048946	0.19929053845943714	-0.5921201041034997	0.7761673514656932	1.5344246124124479	-1.9855964408504747	-0.7012746452990936	0.38442418793472116	-0.5403251408789579	0.668727515397553	0.23154064358657503	0.8602546379196491	T3_ALTERED	SYN_PARTIAL	SYN_carb_FRAGILE	BA_MID	TRP_LOW	PROT_HIGH	MUC_HIGH	HIS_LOW	TMA_LOW	UREM_MID	IRON_LOW	LPS_HIGH	ETU_MID	HYS_HIGH	T3_ALTERED × SYN_PARTIAL × SYN_carb_FRAGILE
sample_138	-1.1126338515812608	-0.5399268720837553	-0.06043327183654975	-0.6247963843806443	0.15734710406185676	-0.2414122570526514	2.1455728257246935	0.3534083909622877	-0.8900775653939744	-1.7863001582025557	-1.4144545405917939	0.5366879493385538	-0.12564941191007556	0.8496502704995624	T4_DYSBIOTIC	SYN_FRAGILE	SYN_carb_PARTIAL	BA_LOW	TRP_MID	PROT_MID	MUC_HIGH	HIS_MID	TMA_LOW	UREM_LOW	IRON_LOW	LPS_HIGH	ETU_MID	HYS_HIGH	T4_DYSBIOTIC × SYN_FRAGILE × SYN_carb_PARTIAL
sample_139	-1.8493770851593736	-3.089323794704175	-0.7904098411668542	-2.8157499480716903	0.2645941112536848	0.027313090715883875	-0.8175522546701737	-1.2714190671669416	1.1560216239529266	-1.2992521113129019	0.8868311730236358	1.2128096331392275	0.23154064358657503	0.1985935572289635	T4_DYSBIOTIC	SYN_FRAGILE	SYN_carb_FRAGILE	BA_LOW	TRP_MID	PROT_MID	MUC_LOW	HIS_LOW	TMA_HIGH	UREM_LOW	IRON_HIGH	LPS_HIGH	ETU_MID	HYS_MID	T4_DYSBIOTIC × SYN_FRAGILE × SYN_carb_FRAGILE
sample_140	-4.071666335043841	-5.884482495124714	1.0918823525124148	-5.866904203540487	-0.1225271834753974	-2.8969922980304754	-1.3552072321150257	-1.3837911725512158	-0.14329065014515638	-0.551577251307605	1.6299079358204709	2.034657879775061	0.6076248144236842	-0.36591690966907137	T4_DYSBIOTIC	SYN_FRAGILE	SYN_carb_RESILIENT	BA_LOW	TRP_MID	PROT_LOW	MUC_LOW	HIS_LOW	TMA_MID	UREM_LOW	IRON_HIGH	LPS_HIGH	ETU_HIGH	HYS_LOW	T4_DYSBIOTIC × SYN_FRAGILE × SYN_carb_RESILIENT
sample_141	-0.5085754130949982	-0.11694740406857838	1.1798215936675325	-0.3437533081484113	-0.24055962682364332	-1.3372942013134304	-0.13094701445210535	-0.15507664600358326	-0.23041114630017978	0.7381179305883134	-0.19878426036310362	0.6828510151815	0.060395716159867316	0.5970945681483818	T4_DYSBIOTIC	SYN_PARTIAL	SYN_carb_RESILIENT	BA_LOW	TRP_MID	PROT_LOW	MUC_MID	HIS_MID	TMA_MID	UREM_HIGH	IRON_MID	LPS_HIGH	ETU_MID	HYS_HIGH	T4_DYSBIOTIC × SYN_PARTIAL × SYN_carb_RESILIENT
sample_142	0.8269215148601107	0.9138188330427102	0.8001256692841514	0.7956499782121277	-0.046449909484235614	1.3723301422388496	-0.3093051608183271	-0.582963086801646	0.3507009515498387	0.4435145690635894	0.6705334325667026	-0.24474982615721302	-0.12564941191007556	-1.5777647487473847	T1_EUBIOTIC	SYN_RESILIENT	SYN_carb_RESILIENT	BA_HIGH	TRP_MID	PROT_HIGH	MUC_MID	HIS_LOW	TMA_MID	UREM_MID	IRON_HIGH	LPS_LOW	ETU_MID	HYS_LOW	T1_EUBIOTIC × SYN_RESILIENT × SYN_carb_RESILIENT
sample_143	2.5995769425182447	1.2406877148424615	0.6749601946777793	1.7185257881027267	0.9588209833925693	1.4137800093625457	-1.2105706821257927	-1.0700634754438738	-0.19972227877912152	1.330646777735455	0.015019179953740212	-4.2901955443737005	0.14768008587506537	0.965992553268911	T1_EUBIOTIC	SYN_RESILIENT	SYN_carb_RESILIENT	BA_HIGH	TRP_HIGH	PROT_HIGH	MUC_LOW	HIS_LOW	TMA_MID	UREM_HIGH	IRON_MID	LPS_LOW	ETU_MID	HYS_HIGH	T1_EUBIOTIC × SYN_RESILIENT × SYN_carb_RESILIENT
sample_144	-0.4517696566525626	-0.05378556424327154	-1.1421600973770931	-0.12537178543120095	0.15510908564082312	-0.828587270592644	0.168205065161012	0.6220106265907264	0.23594161184016255	-0.6017850587716657	-0.27630269234381527	0.41427919609001945	0.8671149749658845	-0.37712586362934614	T3_ALTERED	SYN_PARTIAL	SYN_carb_FRAGILE	BA_MID	TRP_MID	PROT_LOW	MUC_MID	HIS_HIGH	TMA_MID	UREM_LOW	IRON_MID	LPS_MID	ETU_HIGH	HYS_LOW	T3_ALTERED × SYN_PARTIAL × SYN_carb_FRAGILE
sample_145	0.7878326156662196	0.8238392935576451	0.08244775173147492	0.45040072880226284	-0.22156727630597695	0.3817141802832822	0.06724486222543065	0.6224499410525711	0.27720277808756877	0.4842922889241569	-0.07250559008888947	0.25853365859245164	0.98593277135769	-0.11762224755239382	T1_EUBIOTIC	SYN_RESILIENT	SYN_carb_PARTIAL	BA_HIGH	TRP_MID	PROT_MID	MUC_MID	HIS_HIGH	TMA_MID	UREM_HIGH	IRON_MID	LPS_MID	ETU_HIGH	HYS_MID	T1_EUBIOTIC × SYN_RESILIENT × SYN_carb_PARTIAL
sample_146	0.3208251832449749	0.5106696499586871	1.2279463211367017	-0.34141839637467086	-0.13168307210283714	-0.6231980228147657	0.445509375018121	0.56843811646508	0.5468645668001576	-0.23847719528979022	-1.4144545405917939	0.5660946396042792	-0.43911258276389176	0.7603785143212535	T2_PRESERVED	SYN_RESILIENT	SYN_carb_RESILIENT	BA_LOW	TRP_MID	PROT_LOW	MUC_MID	HIS_HIGH	TMA_HIGH	UREM_LOW	IRON_LOW	LPS_HIGH	ETU_LOW	HYS_HIGH	T2_PRESERVED × SYN_RESILIENT × SYN_carb_RESILIENT
sample_147	0.7057138789267113	0.5101748203022419	1.2122227269886896	0.6873871732146254	-0.6293908736586346	-0.6102654925754655	-0.6089888519762227	-0.6430606784248383	1.2407446187155293	-0.014868910892578488	-0.34614063155579583	-0.6525679896493798	2.0549236579476693	-0.29665406664623456	T1_EUBIOTIC	SYN_PARTIAL	SYN_carb_RESILIENT	BA_HIGH	TRP_LOW	PROT_LOW	MUC_LOW	HIS_LOW	TMA_HIGH	UREM_MID	IRON_LOW	LPS_LOW	ETU_HIGH	HYS_LOW	T1_EUBIOTIC × SYN_PARTIAL × SYN_carb_RESILIENT
sample_148	0.6478053451482619	0.38795789444424983	0.6402087542275886	0.008600466689845647	0.6656850924967066	0.38352072713399643	0.8206531286132872	0.8957077410100655	-0.4437962640555374	0.6458218433483217	-1.1104035783728698	-0.12499570839762851	1.0429540209397177	1.018008637859391	T1_EUBIOTIC	SYN_PARTIAL	SYN_carb_RESILIENT	BA_MID	TRP_HIGH	PROT_MID	MUC_HIGH	HIS_HIGH	TMA_LOW	UREM_HIGH	IRON_LOW	LPS_MID	ETU_HIGH	HYS_HIGH	T1_EUBIOTIC × SYN_PARTIAL × SYN_carb_RESILIENT
sample_149	-1.0764474879790134	-1.1296411765361016	-0.2889440196397543	-0.5801348800329584	0.4194979728890884	0.8036068706157361	-1.7367646941919295	-0.36667303529751594	0.2970439127972705	-0.2551346095765344	0.7078148956293763	0.8899506487639525	-1.4216708875437423	1.2405778666489702	T4_DYSBIOTIC	SYN_FRAGILE	SYN_carb_PARTIAL	BA_LOW	TRP_MID	PROT_HIGH	MUC_LOW	HIS_LOW	TMA_MID	UREM_LOW	IRON_HIGH	LPS_HIGH	ETU_LOW	HYS_HIGH	T4_DYSBIOTIC × SYN_FRAGILE × SYN_carb_PARTIAL
sample_150	0.08681793964789605	-0.08203167621080848	-0.21278565597426952	-0.0336031264915443	-0.3392639552508158	-0.1523517592071077	-0.4540357430599679	0.2501043271718527	-2.521079470332758	0.14613167830456586	-0.12456550311604192	-0.10580017581024584	-0.6769319144957484	1.0976401481215154	T2_PRESERVED	SYN_PARTIAL	SYN_carb_PARTIAL	BA_MID	TRP_MID	PROT_MID	MUC_LOW	HIS_MID	TMA_LOW	UREM_MID	IRON_MID	LPS_MID	ETU_LOW	HYS_HIGH	T2_PRESERVED × SYN_PARTIAL × SYN_carb_PARTIAL
sample_151	-0.40143330396355426	0.2658847134108432	0.06380757869395699	0.29905008919969	-0.6159186141680353	-0.21606069863753172	-1.2010029104166835	-1.1657068520094778	-0.3550619055091896	0.5777126584168916	-0.07250559008888947	0.3781120491640141	0.14768008587506537	0.45227955907075906	T3_ALTERED	SYN_PARTIAL	SYN_carb_PARTIAL	BA_MID	TRP_LOW	PROT_MID	MUC_LOW	HIS_LOW	TMA_MID	UREM_HIGH	IRON_MID	LPS_MID	ETU_MID	HYS_HIGH	T3_ALTERED × SYN_PARTIAL × SYN_carb_PARTIAL
sample_152	1.0985255344180318	0.9629899214077814	0.9036857596550161	1.0874771414264057	-1.393843299479005	1.53648864346743	0.8038784227670245	2.560973630555556	0.006165879329343713	-0.04353347782606324	0.20544937657510728	-0.3491493887560244	0.3899960967393983	-0.237070444136585	T1_EUBIOTIC	SYN_RESILIENT	SYN_carb_RESILIENT	BA_HIGH	TRP_LOW	PROT_HIGH	MUC_HIGH	HIS_HIGH	TMA_MID	UREM_MID	IRON_MID	LPS_LOW	ETU_MID	HYS_MID	T1_EUBIOTIC × SYN_RESILIENT × SYN_carb_RESILIENT
sample_153	2.184087944168337	1.2640153260944553	-0.5727206140297835	1.306540712042763	2.003785103736141	-0.47862757496846975	1.6438955637309338	0.5625052207365016	1.1356447323089824	-0.4872327325492863	-0.40332206831239836	-3.3829678706274144	0.741303974827698	0.07250296963250218	T1_EUBIOTIC	SYN_RESILIENT	SYN_carb_FRAGILE	BA_HIGH	TRP_HIGH	PROT_LOW	MUC_HIGH	HIS_HIGH	TMA_HIGH	UREM_LOW	IRON_LOW	LPS_LOW	ETU_HIGH	HYS_MID	T1_EUBIOTIC × SYN_RESILIENT × SYN_carb_FRAGILE
sample_154	0.05201966172778225	0.3298556902181452	1.769666759732284	0.1239963451956663	-0.5838570219623866	0.5387837492925782	-0.2084501041351436	1.4480463166527326	1.5088011075847414	0.5161070493265151	0.8247113185909886	0.20046653963778605	-0.12564941191007556	0.9071428026849323	T2_PRESERVED	SYN_PARTIAL	SYN_carb_RESILIENT	BA_MID	TRP_LOW	PROT_HIGH	MUC_MID	HIS_HIGH	TMA_HIGH	UREM_HIGH	IRON_HIGH	LPS_MID	ETU_MID	HYS_HIGH	T2_PRESERVED × SYN_PARTIAL × SYN_carb_RESILIENT
sample_155	0.2268159128245943	0.280081091734528	-1.5587703907036279	-0.10523645192817835	0.7936925422146394	-0.13143414438072828	-0.8772368371060583	-0.14201103989397357	0.19970681775721552	-0.44078446957452383	-0.9815836058824771	0.9200298727703804	0.98593277135769	0.8864691019177148	T2_PRESERVED	SYN_PARTIAL	SYN_carb_FRAGILE	BA_MID	TRP_HIGH	PROT_MID	MUC_LOW	HIS_MID	TMA_MID	UREM_LOW	IRON_LOW	LPS_HIGH	ETU_HIGH	HYS_HIGH	T2_PRESERVED × SYN_PARTIAL × SYN_carb_FRAGILE
sample_156	-2.6600250825295073	-2.827959234233608	1.1556902218144944	-1.9486428795645467	2.2695970694050263	-3.1782175845568856	1.7755761561572796	-0.05458316303424531	0.5672463117427454	0.9713403358138082	-1.5889878397423292	0.7104477679990051	-0.030603980536071645	1.2641519287110643	T4_DYSBIOTIC	SYN_FRAGILE	SYN_carb_RESILIENT	BA_LOW	TRP_HIGH	PROT_LOW	MUC_HIGH	HIS_MID	TMA_HIGH	UREM_HIGH	IRON_LOW	LPS_HIGH	ETU_MID	HYS_HIGH	T4_DYSBIOTIC × SYN_FRAGILE × SYN_carb_RESILIENT
sample_157	0.03758040401685791	-0.10206990624685058	2.1705679339461006	-0.7189062868327771	-0.7315915244806526	-0.9756955339322191	0.13290700349661624	0.2484454501725058	0.8114580412737641	-0.6017850587716657	-0.5319612036158873	0.047096695453153696	-0.5547175008059686	-0.1369352693799833	T2_PRESERVED	SYN_PARTIAL	SYN_carb_RESILIENT	BA_LOW	TRP_LOW	PROT_LOW	MUC_MID	HIS_MID	TMA_HIGH	UREM_LOW	IRON_LOW	LPS_MID	ETU_LOW	HYS_MID	T2_PRESERVED × SYN_PARTIAL × SYN_carb_RESILIENT
sample_158	-1.2935285204813967	-0.5479078412261305	0.6704429306480101	-1.2693501283417294	0.4061862150335594	-0.020290488624357134	-0.10833634654522913	0.5510435325741849	0.36098562952314833	0.01879570704925735	0.6851266355212065	1.0323582343575732	0.741303974827698	0.8567274696108155	T4_DYSBIOTIC	SYN_FRAGILE	SYN_carb_RESILIENT	BA_LOW	TRP_MID	PROT_MID	MUC_MID	HIS_HIGH	TMA_MID	UREM_MID	IRON_HIGH	LPS_HIGH	ETU_HIGH	HYS_HIGH	T4_DYSBIOTIC × SYN_FRAGILE × SYN_carb_RESILIENT
sample_159	0.3621520996234998	0.8136094849498884	0.16623152620864354	0.4456587861986298	-0.3407684452810125	0.7630041708078414	-1.3725983038111544	-0.3338520147749793	0.6679796791341255	0.7927475583329446	0.6409754778926764	0.16060114540425738	0.741303974827698	0.2632573979072408	T2_PRESERVED	SYN_RESILIENT	SYN_carb_PARTIAL	BA_HIGH	TRP_MID	PROT_HIGH	MUC_LOW	HIS_LOW	TMA_HIGH	UREM_HIGH	IRON_HIGH	LPS_MID	ETU_HIGH	HYS_MID	T2_PRESERVED × SYN_RESILIENT × SYN_carb_PARTIAL
sample_160	0.8772008646958805	0.8788092759501701	-1.0553139600949657	0.7706841263932299	-0.06177746833078166	0.8445277625618829	-0.4825369135224506	-1.1737071109429804	-0.24430318072058957	1.1944754993283522	0.09253761193445183	-1.301795562411285	1.1526278113521884	-2.4946219337252256	T1_EUBIOTIC	SYN_RESILIENT	SYN_carb_FRAGILE	BA_HIGH	TRP_MID	PROT_HIGH	MUC_LOW	HIS_LOW	TMA_MID	UREM_HIGH	IRON_MID	LPS_LOW	ETU_HIGH	HYS_LOW	T1_EUBIOTIC × SYN_RESILIENT × SYN_carb_FRAGILE
sample_161	1.2891115869919068	0.7360777292716689	1.3346296596308027	0.8510446247157013	0.4383175619578314	0.7216641512810236	-0.09977689857357577	-0.9911426093828478	1.3706328068476772	0.8469559337290625	0.5491712515271279	-0.7380444178632952	0.9273491028976409	-0.14342386814480676	T1_EUBIOTIC	SYN_RESILIENT	SYN_carb_RESILIENT	BA_HIGH	TRP_MID	PROT_HIGH	MUC_MID	HIS_LOW	TMA_HIGH	UREM_HIGH	IRON_HIGH	LPS_LOW	ETU_HIGH	HYS_MID	T1_EUBIOTIC × SYN_RESILIENT × SYN_carb_RESILIENT
sample_162	0.9933561051421307	0.5768694147146324	0.16771163656898255	-0.21669118689349803	-1.0899828652758523	-0.25790247494284163	-0.23812538136294856	0.6805359464187132	0.11893349573006835	0.8961853610763635	0.02110601886091456	-0.2928280520682962	0.060395716159867316	2.274655689680682	T1_EUBIOTIC	SYN_RESILIENT	SYN_carb_PARTIAL	BA_LOW	TRP_LOW	PROT_LOW	MUC_MID	HIS_HIGH	TMA_MID	UREM_HIGH	IRON_MID	LPS_LOW	ETU_MID	HYS_HIGH	T1_EUBIOTIC × SYN_RESILIENT × SYN_carb_PARTIAL
sample_163	-1.9719629316705825	-2.7824481394275606	-0.0638207192055993	-2.089390206640609	0.33791216591717904	0.0590115777233895	1.7728858972658497	0.6282295514847497	1.425050458366903	-1.3483250591910885	0.8093127410429242	1.283660591730399	-0.12564941191007556	-0.1434238681448082	T4_DYSBIOTIC	SYN_FRAGILE	SYN_carb_PARTIAL	BA_LOW	TRP_MID	PROT_MID	MUC_HIGH	HIS_HIGH	TMA_HIGH	UREM_LOW	IRON_HIGH	LPS_HIGH	ETU_MID	HYS_MID	T4_DYSBIOTIC × SYN_FRAGILE × SYN_carb_PARTIAL
sample_164	0.5216779852774498	0.7477523928088406	1.1423827260884423	1.2465830433616556	0.7794145971974508	-1.0878195392704262	-0.49384336783853455	0.7850956384485611	0.6697245043612589	-0.3028217140481089	-0.707373030531321	-0.8762904010880924	-0.2251171202264367	-0.5220701580924502	T2_PRESERVED	SYN_RESILIENT	SYN_carb_RESILIENT	BA_HIGH	TRP_HIGH	PROT_LOW	MUC_LOW	HIS_HIGH	TMA_HIGH	UREM_LOW	IRON_LOW	LPS_LOW	ETU_LOW	HYS_LOW	T2_PRESERVED × SYN_RESILIENT × SYN_carb_RESILIENT
sample_165	-0.7351140019294946	-0.7945856569750237	1.1881197132047263	-0.4223346741804738	0.28560161930307976	0.6807432593348789	2.3829284934416335	-0.41897860500785594	0.2665080917193902	-0.055160153407736945	-0.3687887106159011	1.4989795231659413	0.9273491028976409	-0.17957791195121658	T4_DYSBIOTIC	SYN_FRAGILE	SYN_carb_RESILIENT	BA_LOW	TRP_MID	PROT_HIGH	MUC_HIGH	HIS_LOW	TMA_MID	UREM_MID	IRON_LOW	LPS_HIGH	ETU_HIGH	HYS_MID	T4_DYSBIOTIC × SYN_FRAGILE × SYN_carb_RESILIENT
sample_166	0.6174060054281657	0.8354365609814389	0.8463438605097663	0.7517204340723617	-0.9991317550793987	-0.6199103810574728	0.756370943377464	-0.691368391767694	0.5936618344425633	1.1030231972056024	1.5584174309493346	-0.0911492877716427	-0.32943879235142093	-0.07654237589973693	T1_EUBIOTIC	SYN_RESILIENT	SYN_carb_RESILIENT	BA_HIGH	TRP_LOW	PROT_LOW	MUC_HIGH	HIS_LOW	TMA_HIGH	UREM_HIGH	IRON_HIGH	LPS_MID	ETU_LOW	HYS_MID	T1_EUBIOTIC × SYN_RESILIENT × SYN_carb_RESILIENT
sample_167	-0.7410017075834434	-0.682040180027397	0.5414331205016812	-0.7943404699360431	-0.04077674908016915	-1.897097495683566	0.43784905365388777	1.1756697354033616	-0.47819352196666753	0.3362422916867898	0.2645695323490024	0.5158306441341544	0.23154064358657503	-2.265640293436139	T4_DYSBIOTIC	SYN_FRAGILE	SYN_carb_PARTIAL	BA_LOW	TRP_MID	PROT_LOW	MUC_MID	HIS_HIGH	TMA_LOW	UREM_MID	IRON_MID	LPS_HIGH	ETU_MID	HYS_LOW	T4_DYSBIOTIC × SYN_FRAGILE × SYN_carb_PARTIAL
sample_168	-0.24516287608119355	-0.44782546628970504	-0.36132898446858464	-0.20344300073705138	1.584248983061312	0.015474148837647346	-0.029246603758122602	0.8468587533976327	-1.2063613481983446	-0.2618516208298738	-0.6484066626296934	0.5020085470420715	-0.32943879235142093	0.3279055346403194	T3_ALTERED	SYN_FRAGILE	SYN_carb_PARTIAL	BA_LOW	TRP_HIGH	PROT_MID	MUC_MID	HIS_HIGH	TMA_LOW	UREM_LOW	IRON_LOW	LPS_MID	ETU_LOW	HYS_MID	T3_ALTERED × SYN_FRAGILE × SYN_carb_PARTIAL
sample_169	0.15461222931114205	0.1169447073933336	0.8956480705664162	0.02211371475459744	0.38525477661390595	0.6942246321309827	0.2615166666056948	-0.3217116941456858	-0.655922111115287	0.4721791359970754	-0.4346032223128481	0.23431296026377185	-0.12564941191007556	-2.265640293436139	T2_PRESERVED	SYN_PARTIAL	SYN_carb_RESILIENT	BA_MID	TRP_MID	PROT_HIGH	MUC_MID	HIS_LOW	TMA_LOW	UREM_HIGH	IRON_LOW	LPS_MID	ETU_MID	HYS_LOW	T2_PRESERVED × SYN_PARTIAL × SYN_carb_RESILIENT
sample_170	0.2655338086947203	0.03413554506591707	-0.05835385356624644	0.13150292339973108	0.398744060941271	0.15946858987602983	-1.6529837784550647	0.20368951009131736	-0.6326980455490809	0.33846752398918234	-2.8286175607127397	0.7632173230098852	-1.2505259601170347	-2.2420662313740434	T2_PRESERVED	SYN_PARTIAL	SYN_carb_PARTIAL	BA_MID	TRP_MID	PROT_MID	MUC_LOW	HIS_MID	TMA_LOW	UREM_MID	IRON_LOW	LPS_HIGH	ETU_LOW	HYS_LOW	T2_PRESERVED × SYN_PARTIAL × SYN_carb_PARTIAL
sample_171	0.4049420270534178	0.6588182083655989	-0.6540780886341102	0.8442977003873734	1.039137310157041	0.9744769055299576	1.5514769079952486	0.33487941797557874	0.05300810542669755	0.09442927770035166	0.34208796432971394	0.6221643775524701	0.98593277135769	-0.6061075039184342	T2_PRESERVED	SYN_RESILIENT	SYN_carb_FRAGILE	BA_HIGH	TRP_HIGH	PROT_HIGH	MUC_HIGH	HIS_MID	TMA_MID	UREM_MID	IRON_MID	LPS_HIGH	ETU_HIGH	HYS_LOW	T2_PRESERVED × SYN_RESILIENT × SYN_carb_FRAGILE
sample_172	-0.28754961897264825	-0.13741018833446042	1.1044042540091132	-0.4221170697161445	-1.44636586594539	-0.5259645808113979	-2.0206394405129773	-0.21419456210862328	-1.7449596101513671	0.27715191055792154	0.756315196390819	0.8913399963713279	0.3899960967393983	-0.33639594798633793	T3_ALTERED	SYN_PARTIAL	SYN_carb_RESILIENT	BA_LOW	TRP_LOW	PROT_LOW	MUC_LOW	HIS_MID	TMA_LOW	UREM_MID	IRON_HIGH	LPS_HIGH	ETU_MID	HYS_LOW	T3_ALTERED × SYN_PARTIAL × SYN_carb_RESILIENT
sample_173	0.34724322732892093	0.30972619243873445	-0.24507107518257543	0.46115773280111577	0.2790529326207122	1.4026208260339654	1.7342750077785503	0.46095460867801263	-0.03981127004226029	0.2701759292121762	-0.725925094610405	0.047096695453153696	0.6076248144236842	-0.0922206682381647	T2_PRESERVED	SYN_PARTIAL	SYN_carb_PARTIAL	BA_HIGH	TRP_MID	PROT_HIGH	MUC_HIGH	HIS_HIGH	TMA_MID	UREM_MID	IRON_LOW	LPS_MID	ETU_HIGH	HYS_MID	T2_PRESERVED × SYN_PARTIAL × SYN_carb_PARTIAL
sample_174	0.8532202506795601	0.6633423791661422	-0.37643716689368345	0.7022055843838849	0.03754920811411658	0.3269029419633844	0.15565603125363744	-0.975664807693175	2.4333889840325695	-0.3028217140481089	-0.19878426036310362	-0.7908139728741754	-1.4216708875437423	0.6460047389240192	T1_EUBIOTIC	SYN_RESILIENT	SYN_carb_PARTIAL	BA_HIGH	TRP_MID	PROT_MID	MUC_MID	HIS_LOW	TMA_HIGH	UREM_LOW	IRON_MID	LPS_LOW	ETU_LOW	HYS_HIGH	T1_EUBIOTIC × SYN_RESILIENT × SYN_carb_PARTIAL
sample_175	1.1371062921941566	1.0166873746228273	0.17452217371289563	0.9120358314771843	-1.9957074150600778	0.2917592998611764	-1.2653005811679023	1.619294431741934	-0.6456338312133836	0.8008478219314341	-2.0012209291316547	-0.7423252073811019	1.0429540209397177	-0.40739682259991206	T1_EUBIOTIC	SYN_RESILIENT	SYN_carb_PARTIAL	BA_HIGH	TRP_LOW	PROT_MID	MUC_LOW	HIS_HIGH	TMA_LOW	UREM_HIGH	IRON_LOW	LPS_LOW	ETU_HIGH	HYS_LOW	T1_EUBIOTIC × SYN_RESILIENT × SYN_carb_PARTIAL
sample_176	-0.7818513227449677	-0.7251200578281358	0.6027714435335576	-0.47497710939003446	0.3263415442235712	0.6322918967810611	-0.7885382603377048	-2.175162869051744	0.7028652946536584	0.19113571745255079	-0.8070503067319418	-0.027063195209435096	0.8671149749658845	0.07250296963250218	T4_DYSBIOTIC	SYN_FRAGILE	SYN_carb_RESILIENT	BA_LOW	TRP_MID	PROT_HIGH	MUC_LOW	HIS_LOW	TMA_HIGH	UREM_MID	IRON_LOW	LPS_MID	ETU_HIGH	HYS_MID	T4_DYSBIOTIC × SYN_FRAGILE × SYN_carb_RESILIENT
sample_177	-1.8004538281603846	-1.4391369774140435	-0.8035386737023992	-2.4640636570818812	0.5857277023248779	-0.21188850900297854	0.7517430389549199	-0.2610508098637579	0.9738584233523956	0.6001551750618999	1.491731633910034	1.2390973150874316	0.98593277135769	-0.2789034158009695	T4_DYSBIOTIC	SYN_FRAGILE	SYN_carb_FRAGILE	BA_LOW	TRP_HIGH	PROT_MID	MUC_HIGH	HIS_MID	TMA_HIGH	UREM_HIGH	IRON_HIGH	LPS_HIGH	ETU_HIGH	HYS_LOW	T4_DYSBIOTIC × SYN_FRAGILE × SYN_carb_FRAGILE
sample_178	-0.3599609815789111	-0.2494152904943597	0.7915404244002769	0.21158653517785442	-0.19349599227569822	-0.9277000454103662	-0.152173060406043	0.023199656044953252	3.118660589404135	0.14613167830456586	-0.7876197148879592	0.4966351115467717	-0.030603980536071645	0.4747233216422381	T3_ALTERED	SYN_FRAGILE	SYN_carb_RESILIENT	BA_MID	TRP_MID	PROT_LOW	MUC_MID	HIS_MID	TMA_HIGH	UREM_MID	IRON_LOW	LPS_MID	ETU_MID	HYS_HIGH	T3_ALTERED × SYN_FRAGILE × SYN_carb_RESILIENT
sample_179	-0.2669964481393664	0.2008600465516278	-0.483836278284284	0.4333070055851697	-2.1907806486708945	0.188714655876785	-0.8652371188450776	0.7456444877001496	-0.3650832723499312	-0.5598252128122106	-0.6981704889835441	0.1668508132127382	0.6755089331257023	1.3421202123644134	T3_ALTERED	SYN_PARTIAL	SYN_carb_FRAGILE	BA_MID	TRP_LOW	PROT_MID	MUC_LOW	HIS_HIGH	TMA_MID	UREM_LOW	IRON_LOW	LPS_MID	ETU_HIGH	HYS_HIGH	T3_ALTERED × SYN_PARTIAL × SYN_carb_FRAGILE
sample_180	-0.3702346020129563	-0.10827074402601056	0.2312820884983005	0.20786977620498082	1.4750793237518576	-1.7742338844027077	0.15184743417443647	-0.7425701536267536	-0.11422124609023525	1.196935165727562	-0.29077478848369726	0.8913399963713279	0.23154064358657503	0.1985935572289635	T3_ALTERED	SYN_PARTIAL	SYN_carb_PARTIAL	BA_MID	TRP_HIGH	PROT_LOW	MUC_MID	HIS_LOW	TMA_MID	UREM_HIGH	IRON_LOW	LPS_HIGH	ETU_MID	HYS_MID	T3_ALTERED × SYN_PARTIAL × SYN_carb_PARTIAL
sample_181	-0.8807606753994679	-0.7294858675495104	1.034860698723383	-1.3863983799334065	0.8793478444161923	0.43804659771975757	-0.409284174587915	0.5059277173620028	0.421175387978281	0.21554630146754378	-0.7924571037774395	1.2108674045486112	0.14768008587506537	0.7845409461359473	T4_DYSBIOTIC	SYN_FRAGILE	SYN_carb_RESILIENT	BA_LOW	TRP_HIGH	PROT_MID	MUC_LOW	HIS_HIGH	TMA_HIGH	UREM_MID	IRON_LOW	LPS_HIGH	ETU_MID	HYS_HIGH	T4_DYSBIOTIC × SYN_FRAGILE × SYN_carb_RESILIENT
sample_182	-0.1118883927794106	0.2088473646913548	-1.5085347829327467	-0.07280255301448331	-0.8639974244944216	0.12358496606027485	0.016902063900427058	-0.6950343162852097	1.15940891018964	-0.3665367423300416	-0.67990982394874	0.6434632052503007	0.23154064358657503	-0.5385363172634031	T3_ALTERED	SYN_PARTIAL	SYN_carb_FRAGILE	BA_MID	TRP_LOW	PROT_MID	MUC_MID	HIS_LOW	TMA_HIGH	UREM_LOW	IRON_LOW	LPS_HIGH	ETU_MID	HYS_LOW	T3_ALTERED × SYN_PARTIAL × SYN_carb_FRAGILE
sample_183	0.10582220246865762	0.6372520228407011	0.30824916247479095	0.6133528063070128	-2.3425946932696724	0.24415572052093534	0.2781347851042245	1.2565141157825082	0.2450701789193447	0.29100381844198653	-0.2691114344152803	-0.19677990574728105	-0.5547175008059686	0.8864691019177148	T2_PRESERVED	SYN_RESILIENT	SYN_carb_PARTIAL	BA_HIGH	TRP_LOW	PROT_MID	MUC_MID	HIS_HIGH	TMA_MID	UREM_MID	IRON_MID	LPS_LOW	ETU_LOW	HYS_HIGH	T2_PRESERVED × SYN_RESILIENT × SYN_carb_PARTIAL
sample_184	-1.1664773751228088	-0.502810068877248	-0.984208147239507	-0.6628251530942864	-0.6425966395228218	-0.17836307761658074	-0.16446689015443092	0.648599700690974	1.9794969856925582	1.2828095685537166	-0.4425119777114721	1.1068758190752361	-0.32943879235142093	-1.1539276291144258	T4_DYSBIOTIC	SYN_FRAGILE	SYN_carb_FRAGILE	BA_LOW	TRP_LOW	PROT_MID	MUC_MID	HIS_HIGH	TMA_HIGH	UREM_HIGH	IRON_LOW	LPS_HIGH	ETU_LOW	HYS_LOW	T4_DYSBIOTIC × SYN_FRAGILE × SYN_carb_FRAGILE
sample_185	-0.28711720393076523	-0.9050557640956046	0.263404143671555	-0.24168250339372002	-0.9026067292539535	0.337784443243049	1.9789055643502864	0.5513613340357231	-1.0679316072023308	0.9927220145017446	-0.1278714331609865	0.27248143118837576	0.741303974827698	-0.3621975685787523	T3_ALTERED	SYN_FRAGILE	SYN_carb_PARTIAL	BA_LOW	TRP_LOW	PROT_MID	MUC_HIGH	HIS_HIGH	TMA_LOW	UREM_HIGH	IRON_MID	LPS_MID	ETU_HIGH	HYS_LOW	T3_ALTERED × SYN_FRAGILE × SYN_carb_PARTIAL
sample_186	-1.6730461544134292	-1.8233314723271017	0.2506763561382741	-2.0905095380119127	-1.0911395579254803	0.17617554840626656	0.4360337128405391	-0.503491546352286	1.9243851895587651	1.0818912404759577	-0.5236371898330088	0.9393171473353575	-0.12564941191007556	1.2613960507750408	T4_DYSBIOTIC	SYN_FRAGILE	SYN_carb_PARTIAL	BA_LOW	TRP_LOW	PROT_MID	MUC_MID	HIS_LOW	TMA_HIGH	UREM_HIGH	IRON_LOW	LPS_HIGH	ETU_MID	HYS_HIGH	T4_DYSBIOTIC × SYN_FRAGILE × SYN_carb_PARTIAL
sample_187	-0.34532952225283714	0.11874665859342674	-1.3804031614858605	-0.09790797939315919	1.4282870682879139	-0.18784382706546218	0.462618991762818	0.5773007848490926	0.8028477846420293	-0.44842308005870474	1.0237109554366262	0.9594859587061191	-0.6769319144957484	0.07250296963250218	T3_ALTERED	SYN_PARTIAL	SYN_carb_FRAGILE	BA_MID	TRP_HIGH	PROT_MID	MUC_HIGH	HIS_HIGH	TMA_HIGH	UREM_LOW	IRON_HIGH	LPS_HIGH	ETU_LOW	HYS_MID	T3_ALTERED × SYN_PARTIAL × SYN_carb_FRAGILE
sample_188	1.328380493662653	1.1200063522723172	0.9187262452761162	1.0964175284875661	0.14197940536345835	0.9370760807101937	1.3071881274143071	-0.04977248667294957	-1.0880107303418443	0.01879570704925735	0.36718016092577616	-1.5180754107942138	-0.5547175008059686	-0.3959795704959874	T1_EUBIOTIC	SYN_RESILIENT	SYN_carb_RESILIENT	BA_HIGH	TRP_MID	PROT_HIGH	MUC_HIGH	HIS_MID	TMA_LOW	UREM_MID	IRON_MID	LPS_LOW	ETU_LOW	HYS_LOW	T1_EUBIOTIC × SYN_RESILIENT × SYN_carb_RESILIENT
sample_189	0.9855813621414686	1.1524575173327192	0.4939399157423275	1.108889913157979	0.9251364555702836	0.20646623220138227	1.5378866044589747	-0.09566675591457845	-0.1908230779515398	-0.9036563665460006	0.6851266355212065	-0.3829958093820094	0.9273491028976409	-1.060281053122646	T1_EUBIOTIC	SYN_RESILIENT	SYN_carb_PARTIAL	BA_HIGH	TRP_HIGH	PROT_MID	MUC_HIGH	HIS_MID	TMA_MID	UREM_LOW	IRON_HIGH	LPS_LOW	ETU_HIGH	HYS_LOW	T1_EUBIOTIC × SYN_RESILIENT × SYN_carb_PARTIAL
sample_190	-1.7531460280289601	-1.5216179373830159	-0.8127848361238794	-2.360839699543891	1.061000778156601	-0.916638572564803	-0.01799419732875139	0.6486304469324367	0.9402107048125263	-5.025902398841203	1.6104773439764886	0.7853622432254186	-0.32943879235142093	0.12576516536325572	T4_DYSBIOTIC	SYN_FRAGILE	SYN_carb_FRAGILE	BA_LOW	TRP_HIGH	PROT_LOW	MUC_MID	HIS_HIGH	TMA_HIGH	UREM_LOW	IRON_HIGH	LPS_HIGH	ETU_LOW	HYS_MID	T4_DYSBIOTIC × SYN_FRAGILE × SYN_carb_FRAGILE
sample_191	-2.329521871778351	-2.2653055453255684	0.057393540672058825	-2.771881491384662	-0.876617000836732	-3.1462669349883563	-0.6933447953304286	-0.037748341901422566	2.9462709236391342	-1.6838609849072579	-0.8870128562486118	0.8878625833242959	-0.32943879235142093	1.7614335305590623	T4_DYSBIOTIC	SYN_FRAGILE	SYN_carb_PARTIAL	BA_LOW	TRP_LOW	PROT_LOW	MUC_LOW	HIS_MID	TMA_HIGH	UREM_LOW	IRON_LOW	LPS_HIGH	ETU_LOW	HYS_HIGH	T4_DYSBIOTIC × SYN_FRAGILE × SYN_carb_PARTIAL
sample_192	0.05668114748553306	0.2455521551027554	-2.0761372214529965	0.7624097889883845	-0.4741147794402653	-0.07227854371683896	0.6027422156055728	0.4626708264641728	0.9286498923652123	0.32506452704921335	-0.29077478848369726	-0.2546595811436923	-0.32943879235142093	1.2109807177009224	T2_PRESERVED	SYN_PARTIAL	SYN_carb_FRAGILE	BA_HIGH	TRP_LOW	PROT_MID	MUC_HIGH	HIS_HIGH	TMA_HIGH	UREM_MID	IRON_LOW	LPS_LOW	ETU_LOW	HYS_HIGH	T2_PRESERVED × SYN_PARTIAL × SYN_carb_FRAGILE
sample_193	0.6939549457183382	0.27142455756371203	-0.7555792158825886	0.9449876683086254	-1.083401667258773	0.8008917919528658	0.3676341745336126	0.3697830437106302	0.37983390370402537	-0.2551346095765344	-1.3666740838875604	-0.6963241652618449	1.3564171917935328	1.610354207054023	T1_EUBIOTIC	SYN_PARTIAL	SYN_carb_FRAGILE	BA_HIGH	TRP_LOW	PROT_HIGH	MUC_MID	HIS_MID	TMA_HIGH	UREM_LOW	IRON_LOW	LPS_LOW	ETU_HIGH	HYS_HIGH	T1_EUBIOTIC × SYN_PARTIAL × SYN_carb_FRAGILE
sample_194	-1.5332123894353702	-1.2989547265229249	-1.4891911827182138	-0.8610532444008847	-0.7872365889655543	-1.4757833842560157	-2.064373638540619	0.9609354405464904	-0.8620140556337966	0.4058058666226562	-0.4385531165868902	0.6828510151815	1.3072616904055925	-0.6278080734417121	T4_DYSBIOTIC	SYN_FRAGILE	SYN_carb_FRAGILE	BA_LOW	TRP_LOW	PROT_LOW	MUC_LOW	HIS_HIGH	TMA_LOW	UREM_MID	IRON_LOW	LPS_HIGH	ETU_HIGH	HYS_LOW	T4_DYSBIOTIC × SYN_FRAGILE × SYN_carb_FRAGILE
sample_195	0.7747325547413042	0.7386650226620469	0.4364693242908651	1.0823494693562308	0.3336897201140967	0.6328526689769669	-0.6612622169923953	0.2524773847432294	2.326708625004138	0.9598063040497381	1.7813431810467204	-0.31653402350686555	0.741303974827698	0.24284132005827508	T1_EUBIOTIC	SYN_RESILIENT	SYN_carb_PARTIAL	BA_HIGH	TRP_MID	PROT_HIGH	MUC_LOW	HIS_MID	TMA_HIGH	UREM_HIGH	IRON_HIGH	LPS_LOW	ETU_HIGH	HYS_MID	T1_EUBIOTIC × SYN_RESILIENT × SYN_carb_PARTIAL
sample_196	0.874213005929163	0.810805862383164	-1.5987609099563596	1.0690960720300433	0.5409243070976633	1.438230486319993	0.2987203114436676	-0.3000650335578031	-1.341567168275631	0.27946978667791506	1.1868089508149486	-0.7380444178632952	1.2569494834771726	0.8496502704995624	T1_EUBIOTIC	SYN_RESILIENT	SYN_carb_FRAGILE	BA_HIGH	TRP_HIGH	PROT_HIGH	MUC_MID	HIS_MID	TMA_LOW	UREM_MID	IRON_HIGH	LPS_LOW	ETU_HIGH	HYS_HIGH	T1_EUBIOTIC × SYN_RESILIENT × SYN_carb_FRAGILE
sample_197	-0.5015022483152566	-0.8079179072273371	0.7639668254309244	-0.35267036793058315	0.8946905354628819	-0.5473619840662342	0.04876507651826837	1.4035871328147675	-0.5517601892396383	0.8359601203616199	0.705764480841196	1.1068758190752361	-0.43911258276389176	0.05819397870822603	T4_DYSBIOTIC	SYN_FRAGILE	SYN_carb_RESILIENT	BA_LOW	TRP_HIGH	PROT_LOW	MUC_MID	HIS_HIGH	TMA_LOW	UREM_HIGH	IRON_HIGH	LPS_HIGH	ETU_LOW	HYS_MID	T4_DYSBIOTIC × SYN_FRAGILE × SYN_carb_RESILIENT
sample_198	0.372762188829824	0.3376785082021404	-1.5734637966520284	0.5389849063106877	0.033062298278211534	1.4696706288172583	-0.3172932701717102	0.823799165458392	-1.127547105082064	0.4842922889241569	0.6537045678140436	0.16529247450405438	0.3899960967393983	-2.0965864346846783	T2_PRESERVED	SYN_PARTIAL	SYN_carb_FRAGILE	BA_HIGH	TRP_MID	PROT_HIGH	MUC_MID	HIS_HIGH	TMA_LOW	UREM_HIGH	IRON_HIGH	LPS_MID	ETU_MID	HYS_LOW	T2_PRESERVED × SYN_PARTIAL × SYN_carb_FRAGILE
sample_199	-0.22238371229758597	0.1651774518169993	-0.6346298100023207	0.4376966503895815	-0.6176004000942377	0.38899274186454413	1.5086523100449034	-0.49804858827798454	1.3845852090777486	0.9955491898685229	1.015141515212354	0.27248143118837576	-1.8115053960550296	0.05819397870822603	T3_ALTERED	SYN_PARTIAL	SYN_carb_FRAGILE	BA_MID	TRP_LOW	PROT_MID	MUC_HIGH	HIS_LOW	TMA_HIGH	UREM_HIGH	IRON_HIGH	LPS_MID	ETU_LOW	HYS_MID	T3_ALTERED × SYN_PARTIAL × SYN_carb_FRAGILE
sample_200	0.2957951051252055	0.23180786535030867	-0.720337349546556	-0.996004200348482	0.5314775264450395	1.2568966260017382	0.6173472624975684	1.282805251032345	0.6324209160298904	-0.13927172343879138	0.6872014454940283	-1.0826604944845428	-0.9445520093172559	0.1959531552929918	T2_PRESERVED	SYN_PARTIAL	SYN_carb_FRAGILE	BA_LOW	TRP_HIGH	PROT_HIGH	MUC_HIGH	HIS_HIGH	TMA_HIGH	UREM_MID	IRON_HIGH	LPS_LOW	ETU_LOW	HYS_MID	T2_PRESERVED × SYN_PARTIAL × SYN_carb_FRAGILE
sample_201	-0.2608323941991195	-0.4522514450811606	-0.2811129139064577	-0.38730759396422576	1.1043205095873503	0.610894493526227	1.0495108708307777	1.1434419947078938	1.8523665617645877	0.6547848028065323	-0.24063933131833182	1.0488141768117711	-2.5741371106678206	-1.6991809564350757	T3_ALTERED	SYN_FRAGILE	SYN_carb_PARTIAL	BA_LOW	TRP_HIGH	PROT_HIGH	MUC_HIGH	HIS_HIGH	TMA_HIGH	UREM_HIGH	IRON_MID	LPS_HIGH	ETU_LOW	HYS_LOW	T3_ALTERED × SYN_FRAGILE × SYN_carb_PARTIAL
sample_202	-0.9709293483421715	-1.4097927332053535	-0.08316449859349431	-1.0970987104208816	-0.5103126720903849	-0.451462019348152	-0.5372183996332538	0.2647233066725484	1.0625363824658136	0.6583545045605141	0.6788873531001073	0.3417069286534547	0.741303974827698	-0.012284373481315756	T4_DYSBIOTIC	SYN_FRAGILE	SYN_carb_PARTIAL	BA_LOW	TRP_LOW	PROT_LOW	MUC_LOW	HIS_MID	TMA_HIGH	UREM_HIGH	IRON_HIGH	LPS_MID	ETU_HIGH	HYS_MID	T4_DYSBIOTIC × SYN_FRAGILE × SYN_carb_PARTIAL
sample_203	-0.2483197648511918	0.247057818620973	0.535377001712461	0.15918712926768097	0.40287617639120427	-0.060738211256277146	-1.9127314185631126	-0.8548699431078451	-0.924506549967664	-1.6222553758168814	0.015019179953740212	-0.03482795108391607	-1.6077160156136852	-0.6321828932551813	T3_ALTERED	SYN_PARTIAL	SYN_carb_PARTIAL	BA_MID	TRP_MID	PROT_MID	MUC_LOW	HIS_LOW	TMA_LOW	UREM_LOW	IRON_MID	LPS_MID	ETU_LOW	HYS_LOW	T3_ALTERED × SYN_PARTIAL × SYN_carb_PARTIAL
sample_204	-0.376851992498939	-0.14879902740049142	0.5100887192350728	-0.31572234832394375	1.6449189142880176	-0.16739875196393014	-0.07351896032443522	1.6416417949694118	-1.2621886850292525	-0.37016005668158414	0.6000425622750878	1.0464817341415193	0.14768008587506537	0.12576516536325572	T3_ALTERED	SYN_PARTIAL	SYN_carb_PARTIAL	BA_LOW	TRP_HIGH	PROT_MID	MUC_MID	HIS_HIGH	TMA_LOW	UREM_LOW	IRON_HIGH	LPS_HIGH	ETU_MID	HYS_MID	T3_ALTERED × SYN_PARTIAL × SYN_carb_PARTIAL
sample_205	2.824703185532744	1.2413588562668332	-0.40841203056003933	1.2360162870810956	0.6483854273851457	-1.5749513172110092	-1.2968748784624042	0.4343109025826003	-1.407976222849207	0.12051130455961111	-0.7541285811958016	-2.5776725675492433	0.6076248144236842	0.6480113148596671	T1_EUBIOTIC	SYN_RESILIENT	SYN_carb_FRAGILE	BA_HIGH	TRP_HIGH	PROT_LOW	MUC_LOW	HIS_MID	TMA_LOW	UREM_MID	IRON_LOW	LPS_LOW	ETU_HIGH	HYS_HIGH	T1_EUBIOTIC × SYN_RESILIENT × SYN_carb_FRAGILE
sample_206	0.06496917028976465	0.01378005285709642	-0.9638366710615843	-0.03698839530752528	-0.7287588443713112	0.568485246867618	0.8180048900577267	0.13006974241342156	1.7606120272947772	0.43521934104597154	0.3037594417480761	0.5848511298938727	-0.2251171202264367	0.37121296482329663	T2_PRESERVED	SYN_PARTIAL	SYN_carb_FRAGILE	BA_MID	TRP_LOW	PROT_HIGH	MUC_HIGH	HIS_MID	TMA_HIGH	UREM_MID	IRON_MID	LPS_HIGH	ETU_LOW	HYS_MID	T2_PRESERVED × SYN_PARTIAL × SYN_carb_FRAGILE
sample_207	0.8089359364105593	0.7741208459907528	1.3955629872596809	0.7461388845757518	0.11030287507660855	0.9463679685894804	0.37214996198917566	0.169616572856289	-1.1160061437642896	0.20094940472110598	-1.1104035783728698	-0.8184107256916812	0.3899960967393983	1.4240557374445837	T1_EUBIOTIC	SYN_RESILIENT	SYN_carb_RESILIENT	BA_HIGH	TRP_MID	PROT_HIGH	MUC_MID	HIS_MID	TMA_LOW	UREM_MID	IRON_LOW	LPS_LOW	ETU_MID	HYS_HIGH	T1_EUBIOTIC × SYN_RESILIENT × SYN_carb_RESILIENT
sample_208	1.1825234708822965	0.8829471787409806	0.10408231319977025	0.9756432540132343	-1.4072331290280544	-0.727121062566621	-0.9920558559698776	0.6858739764641695	0.8456034164833819	0.22037940554904684	0.9874328476431685	-0.5745341244912464	0.14768008587506537	1.117334141709144	T1_EUBIOTIC	SYN_RESILIENT	SYN_carb_PARTIAL	BA_HIGH	TRP_LOW	PROT_LOW	MUC_LOW	HIS_HIGH	TMA_HIGH	UREM_MID	IRON_HIGH	LPS_LOW	ETU_MID	HYS_HIGH	T1_EUBIOTIC × SYN_RESILIENT × SYN_carb_PARTIAL
sample_209	1.0909441085485772	0.7126957447881976	0.5236242340032012	0.33149133015574245	0.4719820185124121	0.7657087543756141	0.11262856529058245	-2.3054490696359746	-1.2370804718314186	-0.24511717632585142	-4.100802105244656	-0.160169773531361	1.83353607002002	0.7148125912342395	T1_EUBIOTIC	SYN_RESILIENT	SYN_carb_PARTIAL	BA_MID	TRP_MID	PROT_HIGH	MUC_MID	HIS_LOW	TMA_LOW	UREM_LOW	IRON_LOW	LPS_MID	ETU_HIGH	HYS_HIGH	T1_EUBIOTIC × SYN_RESILIENT × SYN_carb_PARTIAL
sample_210	0.2874661482104048	0.7170855636351207	1.769710715409991	-0.08788762298974406	-0.2866356704662601	-0.3528881897051051	0.41620544225864387	0.057448002516707994	-0.20450993993284877	-1.1426115053145927	-0.2691114344152803	0.2752451427783108	-0.030603980536071645	-0.8774537056731719	T2_PRESERVED	SYN_RESILIENT	SYN_carb_RESILIENT	BA_MID	TRP_MID	PROT_LOW	MUC_MID	HIS_MID	TMA_MID	UREM_LOW	IRON_MID	LPS_MID	ETU_MID	HYS_LOW	T2_PRESERVED × SYN_RESILIENT × SYN_carb_RESILIENT
sample_211	-0.7735884918166095	-0.5804383827861811	-0.9660894350105718	-0.4825785712265923	-1.0818698610382291	0.46748752139644656	0.22396944574346223	-0.3090260252919548	-2.555457289431794	0.4435145690635894	1.0642680758633518	0.8472366855885919	-0.8065576705779073	-1.674167202675188	T4_DYSBIOTIC	SYN_FRAGILE	SYN_carb_FRAGILE	BA_LOW	TRP_LOW	PROT_HIGH	MUC_MID	HIS_MID	TMA_LOW	UREM_MID	IRON_HIGH	LPS_HIGH	ETU_LOW	HYS_LOW	T4_DYSBIOTIC × SYN_FRAGILE × SYN_carb_FRAGILE
sample_212	1.574402486883221	1.0119762541322483	-1.2123077101832513	1.0034570374770995	0.5433016312543452	0.2190053396719007	0.7019266162295935	-2.061751639483451	0.9663866266777805	-1.73883645265536	0.8905258302879354	-1.2399211200481117	-0.8065576705779073	1.262774569196008	T1_EUBIOTIC	SYN_RESILIENT	SYN_carb_FRAGILE	BA_HIGH	TRP_HIGH	PROT_MID	MUC_HIGH	HIS_LOW	TMA_HIGH	UREM_LOW	IRON_HIGH	LPS_LOW	ETU_LOW	HYS_HIGH	T1_EUBIOTIC × SYN_RESILIENT × SYN_carb_FRAGILE
sample_213	0.1107222394055108	0.06099758654628804	0.5040686180637872	-0.13751456692294461	0.8669545119634777	0.874986280809034	-0.16439568373987704	0.4906505881591539	-1.2051224191695888	-0.17687158619941373	-0.04704707113533032	-0.80450620373844	-0.9445520093172559	0.08668807163489481	T2_PRESERVED	SYN_PARTIAL	SYN_carb_PARTIAL	BA_MID	TRP_HIGH	PROT_HIGH	MUC_MID	HIS_HIGH	TMA_LOW	UREM_MID	IRON_MID	LPS_LOW	ETU_LOW	HYS_MID	T2_PRESERVED × SYN_PARTIAL × SYN_carb_PARTIAL
sample_214	0.2985730356930565	0.5258152144154554	0.17317499189237467	0.13580355681746367	-1.1055146908998463	-0.6958709992365923	1.581722294981383	-0.6936397660257377	0.042542996055994625	-1.0296064943946956	-0.025071725371573886	-0.4062912412385876	0.14768008587506537	-0.9609555492728933	T2_PRESERVED	SYN_RESILIENT	SYN_carb_PARTIAL	BA_MID	TRP_LOW	PROT_LOW	MUC_HIGH	HIS_LOW	TMA_MID	UREM_LOW	IRON_MID	LPS_LOW	ETU_MID	HYS_LOW	T2_PRESERVED × SYN_RESILIENT × SYN_carb_PARTIAL
sample_215	-0.04045445222472396	0.3375582066268625	1.229619000145968	0.7563857622073594	0.17391717837053738	-0.5309730026502429	-1.9324529838123499	-0.21534065631869304	-0.7275552781732655	1.0386786784472837	0.06312919870685206	0.6117963580178495	0.23154064358657503	0.3947870268853892	T3_ALTERED	SYN_PARTIAL	SYN_carb_RESILIENT	BA_HIGH	TRP_MID	PROT_LOW	MUC_LOW	HIS_MID	TMA_LOW	UREM_HIGH	IRON_MID	LPS_HIGH	ETU_MID	HYS_MID	T3_ALTERED × SYN_PARTIAL × SYN_carb_RESILIENT
sample_216	-0.9570901740224457	-0.9798442571296831	-2.3939474089223385	-1.4721151057001263	1.4927503573019913	-2.554598175005235	0.055321632934765275	-0.31375086262312374	-0.07872433899444346	1.242891829673102	0.3721555639482441	0.9327131138025089	0.9273491028976409	-0.8876616455283145	T4_DYSBIOTIC	SYN_FRAGILE	SYN_carb_FRAGILE	BA_LOW	TRP_HIGH	PROT_LOW	MUC_MID	HIS_MID	TMA_MID	UREM_HIGH	IRON_MID	LPS_HIGH	ETU_HIGH	HYS_LOW	T4_DYSBIOTIC × SYN_FRAGILE × SYN_carb_FRAGILE
sample_217	-0.33500989598448677	-0.9002509422076714	-1.4794009983695717	-1.470586433383801	0.2928822471410467	0.9277095583940085	0.4233164058112285	0.22229257556269041	0.3241488665807477	1.11867214235044	1.60803322644053	-0.14241030802616508	0.5375145943863536	-0.24051601648256843	T3_ALTERED	SYN_FRAGILE	SYN_carb_FRAGILE	BA_LOW	TRP_MID	PROT_HIGH	MUC_MID	HIS_MID	TMA_MID	UREM_HIGH	IRON_HIGH	LPS_MID	ETU_MID	HYS_MID	T3_ALTERED × SYN_FRAGILE × SYN_carb_FRAGILE
sample_218	-0.6979259005216244	-1.010060929318558	-0.49569922928570975	-1.2077226282857367	-1.1486425008642998	0.12358496606027485	-1.344448835247495	-6.504719924260507	-0.1781078956259213	-0.39947778448693333	0.9645907996627311	0.764817365720121	-1.0920705069642105	-0.7502328185860957	T4_DYSBIOTIC	SYN_FRAGILE	SYN_carb_FRAGILE	BA_LOW	TRP_LOW	PROT_MID	MUC_LOW	HIS_LOW	TMA_MID	UREM_LOW	IRON_HIGH	LPS_HIGH	ETU_LOW	HYS_LOW	T4_DYSBIOTIC × SYN_FRAGILE × SYN_carb_FRAGILE
sample_219	0.23181385039043317	0.24074555328475306	-0.4049478014719622	0.4565488556751419	-0.369491008010112	0.21948493077835687	-1.3518297317747854	1.2736912149190722	-0.9817809262452362	0.15877379645867035	0.6684386844752573	0.2752451427783108	0.5375145943863536	0.49466315048378623	T2_PRESERVED	SYN_PARTIAL	SYN_carb_FRAGILE	BA_HIGH	TRP_LOW	PROT_MID	MUC_LOW	HIS_HIGH	TMA_LOW	UREM_MID	IRON_HIGH	LPS_MID	ETU_MID	HYS_HIGH	T2_PRESERVED × SYN_PARTIAL × SYN_carb_FRAGILE
sample_220	0.3389236353663244	0.4883770973088453	-0.25197527936586595	0.4155637780979396	0.8659608818455591	0.9519674689080522	0.94566835763074	-0.1985735997508152	0.898713071156091	-0.37016005668158414	-1.9069343143377577	0.33269354925503963	0.060395716159867316	-0.6061075039184342	T2_PRESERVED	SYN_PARTIAL	SYN_carb_PARTIAL	BA_MID	TRP_HIGH	PROT_HIGH	MUC_HIGH	HIS_MID	TMA_HIGH	UREM_LOW	IRON_LOW	LPS_MID	ETU_MID	HYS_LOW	T2_PRESERVED × SYN_PARTIAL × SYN_carb_PARTIAL
sample_221	0.3065903647769871	0.5050948243967709	0.46069535671049916	0.3512248063659849	-1.4986973545495992	0.22601965109966807	1.341185442298841	-0.20347268176467642	0.27696123503266235	-0.348554979069269	-2.184956769829969	-0.0808289932031731	-0.5547175008059686	-0.2789034158009695	T2_PRESERVED	SYN_PARTIAL	SYN_carb_PARTIAL	BA_MID	TRP_LOW	PROT_MID	MUC_HIGH	HIS_MID	TMA_MID	UREM_LOW	IRON_LOW	LPS_MID	ETU_LOW	HYS_LOW	T2_PRESERVED × SYN_PARTIAL × SYN_carb_PARTIAL
sample_222	-0.31344787497728205	-0.2601808924081785	-0.14533131443246794	0.38772180539656925	0.5163059232773096	-0.566020394261706	-1.0259692492186063	0.15605490557636972	0.5838360724016871	-0.3665367423300416	1.35018496573574	0.7486870082036777	-4.385804094950961	0.45227955907075906	T3_ALTERED	SYN_FRAGILE	SYN_carb_PARTIAL	BA_MID	TRP_HIGH	PROT_LOW	MUC_LOW	HIS_MID	TMA_HIGH	UREM_LOW	IRON_HIGH	LPS_HIGH	ETU_LOW	HYS_HIGH	T3_ALTERED × SYN_FRAGILE × SYN_carb_PARTIAL
sample_223	-0.062036917487881975	0.12842994840174665	0.04128201067463387	-0.13666770272114945	0.2854309585507709	0.094061218010602	-1.1583573739176287	-0.2287828607128968	-0.13242280714562632	-0.33787217539655556	0.9751704736271188	0.1431865457757208	-0.2251171202264367	-0.030388083060124565	T3_ALTERED	SYN_PARTIAL	SYN_carb_PARTIAL	BA_MID	TRP_MID	PROT_MID	MUC_LOW	HIS_MID	TMA_MID	UREM_LOW	IRON_HIGH	LPS_MID	ETU_LOW	HYS_MID	T3_ALTERED × SYN_PARTIAL × SYN_carb_PARTIAL
sample_224	0.5186200264376756	0.7776602039330052	2.091675774785201	0.9069100417757299	0.8926317136674706	1.11875860503978	0.6467582260307612	0.7155883692645615	0.11040854118691518	-0.9845440748265427	0.5082972496973678	-0.11641359791889591	0.8051346892078611	0.3279055346403194	T2_PRESERVED	SYN_RESILIENT	SYN_carb_RESILIENT	BA_HIGH	TRP_HIGH	PROT_HIGH	MUC_HIGH	HIS_HIGH	TMA_MID	UREM_LOW	IRON_MID	LPS_MID	ETU_HIGH	HYS_MID	T2_PRESERVED × SYN_RESILIENT × SYN_carb_RESILIENT
sample_225	-0.14604588131708923	0.28803186632948724	-0.6812926285851065	0.07633789998329821	1.484634272358988	0.037165750791076355	0.5255716514477585	-0.5443293778502267	0.3029660826301756	-1.0939510131530144	-0.707373030531321	0.7845806974668531	-0.6769319144957484	-0.3959795704959874	T3_ALTERED	SYN_PARTIAL	SYN_carb_FRAGILE	BA_MID	TRP_HIGH	PROT_MID	MUC_HIGH	HIS_LOW	TMA_MID	UREM_LOW	IRON_LOW	LPS_HIGH	ETU_LOW	HYS_LOW	T3_ALTERED × SYN_PARTIAL × SYN_carb_FRAGILE
sample_226	-0.2660535456865236	-0.09432013060774104	0.2111908104020904	-0.004650003888078044	0.5064036412007384	-0.366017418225874	-1.0665362569712944	0.5589956862265966	-0.7557787458251906	-1.2584743914523357	1.123388231637247	0.029123675071083332	-0.32943879235142093	-0.05484180637645762	T3_ALTERED	SYN_PARTIAL	SYN_carb_PARTIAL	BA_MID	TRP_HIGH	PROT_LOW	MUC_LOW	HIS_HIGH	TMA_LOW	UREM_LOW	IRON_HIGH	LPS_MID	ETU_LOW	HYS_MID	T3_ALTERED × SYN_PARTIAL × SYN_carb_PARTIAL
sample_227	-2.3906653659995563	-4.609228070499418	0.7969820869900006	-5.38772324560473	-1.094387488110733	-0.1844489898529356	0.5501869963975918	-0.24607794567602012	0.58160432810357	1.0712084368032442	-0.7212685429078269	0.9393171473353575	-0.2251171202264367	-0.44213386333560123	T4_DYSBIOTIC	SYN_FRAGILE	SYN_carb_RESILIENT	BA_LOW	TRP_LOW	PROT_MID	MUC_HIGH	HIS_MID	TMA_HIGH	UREM_HIGH	IRON_LOW	LPS_HIGH	ETU_LOW	HYS_LOW	T4_DYSBIOTIC × SYN_FRAGILE × SYN_carb_RESILIENT
sample_228	-2.2423120108653167	-2.3952613504979245	-1.340875109930538	-1.9474281306409682	-0.5715473889300453	-3.549574683435894	-0.5004444657035678	1.282010265160654	-0.29170785808700395	1.3726066236949086	0.5825160069444311	1.6854597816150227	0.060395716159867316	1.2901041277739347	T4_DYSBIOTIC	SYN_FRAGILE	SYN_carb_FRAGILE	BA_LOW	TRP_LOW	PROT_LOW	MUC_LOW	HIS_HIGH	TMA_MID	UREM_HIGH	IRON_HIGH	LPS_HIGH	ETU_MID	HYS_HIGH	T4_DYSBIOTIC × SYN_FRAGILE × SYN_carb_FRAGILE
sample_229	0.8868098126096301	0.8440313626936288	1.1659695081660397	0.9680780162146875	1.7553736530074893	-0.20980799862254118	-0.9989750929484921	-1.135436797270733	2.5558113369878894	-0.3028217140481089	-0.7212685429078269	-0.2546595811436923	0.14768008587506537	0.7396513149157975	T1_EUBIOTIC	SYN_RESILIENT	SYN_carb_RESILIENT	BA_HIGH	TRP_HIGH	PROT_MID	MUC_LOW	HIS_LOW	TMA_HIGH	UREM_LOW	IRON_LOW	LPS_LOW	ETU_MID	HYS_HIGH	T1_EUBIOTIC × SYN_RESILIENT × SYN_carb_RESILIENT
sample_230	-0.02010561516640637	0.3916266120539996	0.6401464097183627	0.45516068958510747	0.9707462156173611	0.6687362927927198	-2.1724132585100078	0.21023063542900136	1.3969017284208491	0.8072955534281352	-0.5236371898330072	0.3090915634042966	-0.12564941191007556	0.12576516536325572	T3_ALTERED	SYN_PARTIAL	SYN_carb_RESILIENT	BA_HIGH	TRP_HIGH	PROT_HIGH	MUC_LOW	HIS_MID	TMA_HIGH	UREM_HIGH	IRON_LOW	LPS_MID	ETU_MID	HYS_MID	T3_ALTERED × SYN_PARTIAL × SYN_carb_RESILIENT
sample_231	1.7875302794292123	1.0371701915712623	0.4699644332422847	1.0199613207086824	-0.25098786505793375	-1.1081004984391112	-0.09460976947602441	-0.5512497796104996	-1.0429901765209206	-0.4599571118227762	0.3992694010863149	0.047096695453153696	0.9273491028976409	1.22231895704668	T1_EUBIOTIC	SYN_RESILIENT	SYN_carb_PARTIAL	BA_HIGH	TRP_MID	PROT_LOW	MUC_MID	HIS_LOW	TMA_LOW	UREM_LOW	IRON_MID	LPS_MID	ETU_HIGH	HYS_HIGH	T1_EUBIOTIC × SYN_RESILIENT × SYN_carb_PARTIAL
sample_232	0.5177755279349003	0.965682375647526	-0.8433644692209658	0.41225038032072514	1.3467469555940537	0.7844672139691932	-1.5374217886127013	0.39562261736266313	0.2858696236931011	-0.44842308005870474	1.1362582352653257	-0.46102967454014276	-0.32943879235142093	-0.44213386333560123	T2_PRESERVED	SYN_RESILIENT	SYN_carb_FRAGILE	BA_MID	TRP_HIGH	PROT_HIGH	MUC_LOW	HIS_MID	TMA_MID	UREM_LOW	IRON_HIGH	LPS_LOW	ETU_LOW	HYS_LOW	T2_PRESERVED × SYN_RESILIENT × SYN_carb_FRAGILE
sample_233	-0.40136003578704865	-0.6143980452153911	-0.42517978632698894	-0.2846044779148048	0.7830603476990923	-0.10580397510323886	0.7657335259459591	-0.7151940785685806	-0.39726556061761586	0.27946978667791506	1.1711686883414822	0.5848511298938727	0.8671149749658845	-0.15647867065658586	T3_ALTERED	SYN_FRAGILE	SYN_carb_FRAGILE	BA_LOW	TRP_HIGH	PROT_MID	MUC_HIGH	HIS_LOW	TMA_LOW	UREM_MID	IRON_HIGH	LPS_HIGH	ETU_HIGH	HYS_MID	T3_ALTERED × SYN_FRAGILE × SYN_carb_FRAGILE
sample_234	-0.9977632258385163	-1.2164968851646103	-1.3576624437679188	-0.9297061161692104	0.28586856915056985	-1.8284820729395521	1.0615453851602261	-0.4702609886533641	0.8362986207446935	-0.5190474929516445	0.8513359208888617	0.4329880612823533	1.3072616904055925	0.3947870268853892	T4_DYSBIOTIC	SYN_FRAGILE	SYN_carb_FRAGILE	BA_LOW	TRP_MID	PROT_LOW	MUC_HIGH	HIS_LOW	TMA_HIGH	UREM_LOW	IRON_HIGH	LPS_MID	ETU_HIGH	HYS_MID	T4_DYSBIOTIC × SYN_FRAGILE × SYN_carb_FRAGILE
sample_235	0.8961993207829873	0.7038666831784643	0.6066959106623698	0.17892091134180552	-0.2189463178543428	0.7702025008187429	-1.5083078320179064	-0.928200253441044	-1.0945277355264265	0.37361373195559505	1.383884131798799	-0.30592060139821464	-1.4216708875437423	-0.8774537056731719	T1_EUBIOTIC	SYN_RESILIENT	SYN_carb_RESILIENT	BA_MID	TRP_MID	PROT_HIGH	MUC_LOW	HIS_LOW	TMA_LOW	UREM_MID	IRON_HIGH	LPS_LOW	ETU_LOW	HYS_LOW	T1_EUBIOTIC × SYN_RESILIENT × SYN_carb_RESILIENT
sample_236	0.28235089853986733	0.5144816425851572	1.9220191578625168	0.824170589386986	-0.5950872540074182	-0.23809468508838333	0.6881136240441669	-0.13560834923061277	-0.35002615926122	1.187071322940987	-0.7212685429078269	0.6828510151815	-0.43911258276389176	-2.0029398586929	T2_PRESERVED	SYN_RESILIENT	SYN_carb_RESILIENT	BA_HIGH	TRP_LOW	PROT_MID	MUC_HIGH	HIS_MID	TMA_MID	UREM_HIGH	IRON_LOW	LPS_HIGH	ETU_LOW	HYS_LOW	T2_PRESERVED × SYN_RESILIENT × SYN_carb_RESILIENT
sample_237	2.954769188807409	1.1814981100343356	-0.433078192341	1.1377198211052346	0.1668403280987603	-0.168178508434921	-0.7029737546952164	-0.45729495882172705	0.07678116687209871	-1.4289669053347112	-0.1782275086549977	-3.5629341064536626	-1.8115053960550296	-0.6190933239226046	T1_EUBIOTIC	SYN_RESILIENT	SYN_carb_FRAGILE	BA_HIGH	TRP_MID	PROT_MID	MUC_LOW	HIS_LOW	TMA_MID	UREM_LOW	IRON_MID	LPS_LOW	ETU_LOW	HYS_LOW	T1_EUBIOTIC × SYN_RESILIENT × SYN_carb_FRAGILE
sample_238	0.023772875154781162	0.5897070477805689	-1.4500735372788096	0.3007997496082894	0.4940886739919411	0.4311354150258401	0.4172754366662989	0.929586224618125	-0.9134793553863964	0.12051130455961111	0.7221006900142132	0.45244766701462336	0.5375145943863536	-0.8077253507714656	T2_PRESERVED	SYN_RESILIENT	SYN_carb_FRAGILE	BA_MID	TRP_HIGH	PROT_MID	MUC_MID	HIS_HIGH	TMA_LOW	UREM_MID	IRON_HIGH	LPS_MID	ETU_MID	HYS_LOW	T2_PRESERVED × SYN_RESILIENT × SYN_carb_FRAGILE
sample_239	0.9507012703116378	0.7275581693771219	-0.9976523563642735	0.3816629539810667	-0.812446769486363	0.5467784103021816	-0.1539211255949493	-0.13303049305574494	0.28752674137739603	-0.2959123294371019	1.0099795649911116	-1.9234263823556852	0.060395716159867316	1.0307586558764457	T1_EUBIOTIC	SYN_RESILIENT	SYN_carb_FRAGILE	BA_MID	TRP_LOW	PROT_HIGH	MUC_MID	HIS_MID	TMA_MID	UREM_LOW	IRON_HIGH	LPS_LOW	ETU_MID	HYS_HIGH	T1_EUBIOTIC × SYN_RESILIENT × SYN_carb_FRAGILE
sample_240	0.4229279548105463	0.8097515339676998	-0.40330549222737194	0.21750800869627476	0.46204996637069995	0.7650081681371129	-0.2889500976537958	-0.09791700456351927	1.9836371102107284	-0.1960442284476661	-0.3649935457307605	0.095585460946228	-0.12564941191007556	0.00265072580891225	T2_PRESERVED	SYN_RESILIENT	SYN_carb_FRAGILE	BA_MID	TRP_MID	PROT_HIGH	MUC_MID	HIS_MID	TMA_HIGH	UREM_MID	IRON_LOW	LPS_MID	ETU_MID	HYS_MID	T2_PRESERVED × SYN_RESILIENT × SYN_carb_FRAGILE
sample_241	0.8541790686516181	0.9429664494761781	-0.8039419558938375	0.4356123406521608	-0.9330588433730493	1.8124046112990069	-1.4355124391191423	-0.9122281409318461	0.9962786842773604	-0.8122040644232505	0.3721555639482441	-1.2399211200481108	0.31223588593180596	0.6934970220761837	T1_EUBIOTIC	SYN_RESILIENT	SYN_carb_FRAGILE	BA_MID	TRP_LOW	PROT_HIGH	MUC_LOW	HIS_LOW	TMA_HIGH	UREM_LOW	IRON_MID	LPS_LOW	ETU_MID	HYS_HIGH	T1_EUBIOTIC × SYN_RESILIENT × SYN_carb_FRAGILE
sample_242	-0.2885452847330114	0.25211567549430175	-0.027152225043444483	0.24212361369605703	-2.882306276550647	1.1194236747216444	-0.6956558269461588	-0.17149087293662435	0.31151988187358504	0.8469559337290625	-0.8316470131765132	0.4966351115467717	0.14768008587506537	-1.8303204510985667	T3_ALTERED	SYN_PARTIAL	SYN_carb_PARTIAL	BA_MID	TRP_LOW	PROT_HIGH	MUC_LOW	HIS_MID	TMA_MID	UREM_HIGH	IRON_LOW	LPS_MID	ETU_MID	HYS_LOW	T3_ALTERED × SYN_PARTIAL × SYN_carb_PARTIAL
sample_243	2.762030762063602	1.2738614635798102	0.5636983703129004	1.1931050350992878	-0.9656793615755354	-1.8975883926636274	-1.3190344320422327	-0.071226670066697	1.5784353881373867	-0.1485805229004716	0.3037594417480761	-1.3682573482864289	0.8051346892078611	1.0496995494523467	T1_EUBIOTIC	SYN_RESILIENT	SYN_carb_PARTIAL	BA_HIGH	TRP_LOW	PROT_LOW	MUC_LOW	HIS_MID	TMA_HIGH	UREM_MID	IRON_MID	LPS_LOW	ETU_HIGH	HYS_HIGH	T1_EUBIOTIC × SYN_RESILIENT × SYN_carb_PARTIAL
sample_244	2.350929896666881	1.3073186730806468	-0.7093271709528916	1.1603226866440155	-0.5106352270219346	-0.46690761944398373	-2.0659196691263624	-0.2005912275141422	0.35276052594295754	0.3583421610754604	0.7342531961722059	-3.104813579881312	-0.5547175008059686	-0.24051601648256843	T1_EUBIOTIC	SYN_RESILIENT	SYN_carb_FRAGILE	BA_HIGH	TRP_LOW	PROT_LOW	MUC_LOW	HIS_MID	TMA_MID	UREM_MID	IRON_HIGH	LPS_LOW	ETU_LOW	HYS_MID	T1_EUBIOTIC × SYN_RESILIENT × SYN_carb_FRAGILE
sample_245	-2.6019429804402967	-2.886236389220855	-0.021435489760619524	-2.5014021931446138	-2.3022257736017937	-1.3818649421199256	-0.33736669610238906	-0.5833743466675861	1.220931684712044	0.748205172299267	-1.2369579823145809	1.2409794221815598	0.8051346892078611	-0.8876616455283145	T4_DYSBIOTIC	SYN_FRAGILE	SYN_carb_PARTIAL	BA_LOW	TRP_LOW	PROT_LOW	MUC_MID	HIS_LOW	TMA_HIGH	UREM_HIGH	IRON_LOW	LPS_HIGH	ETU_HIGH	HYS_LOW	T4_DYSBIOTIC × SYN_FRAGILE × SYN_carb_PARTIAL
sample_246	0.7841984479070613	0.5958344939991614	-0.059129267032902603	0.8333855229588387	-2.2836671371920723	-0.05617411244011004	0.289425146522732	0.10748886504568791	0.47998718960018816	-1.6222553758168814	-1.4075480857173188	-1.4979212210324926	1.0429540209397177	1.1808390441158376	T1_EUBIOTIC	SYN_RESILIENT	SYN_carb_PARTIAL	BA_HIGH	TRP_LOW	PROT_MID	MUC_MID	HIS_MID	TMA_HIGH	UREM_LOW	IRON_LOW	LPS_LOW	ETU_HIGH	HYS_HIGH	T1_EUBIOTIC × SYN_RESILIENT × SYN_carb_PARTIAL
sample_247	1.1415491595127507	0.7729542687602666	-0.7956217232625905	1.0481577336354646	-2.0073339968541823	1.5841418177449018	0.9243496693490476	-0.17321727077018764	0.12107448275814085	0.15877379645867035	0.35718656580288055	-0.49294847765626665	-0.12564941191007556	0.7992349374254456	T1_EUBIOTIC	SYN_RESILIENT	SYN_carb_FRAGILE	BA_HIGH	TRP_LOW	PROT_HIGH	MUC_HIGH	HIS_MID	TMA_MID	UREM_MID	IRON_MID	LPS_LOW	ETU_MID	HYS_HIGH	T1_EUBIOTIC × SYN_RESILIENT × SYN_carb_FRAGILE
sample_248	-1.9891046968555643	-2.0681232145447943	0.15204952351135662	-0.9024831881632951	0.7227196831697087	-0.3916475875033655	1.1011073263051985	0.8550072717282088	-0.3481254307503118	0.754891157985894	-0.1345021543679661	0.5770014193751568	0.060395716159867316	-0.5635500710232909	T4_DYSBIOTIC	SYN_FRAGILE	SYN_carb_PARTIAL	BA_LOW	TRP_HIGH	PROT_LOW	MUC_HIGH	HIS_HIGH	TMA_MID	UREM_HIGH	IRON_MID	LPS_HIGH	ETU_MID	HYS_LOW	T4_DYSBIOTIC × SYN_FRAGILE × SYN_carb_PARTIAL
sample_249	-2.9766282188840956	-4.598166425793356	0.9140319753798889	-3.927847391869714	-0.6857274431216114	-3.4267110721550353	1.209355978222563	-2.295190584248508	0.5353200509355985	0.15877379645867035	0.49677124887266266	1.4286043185667505	0.31223588593180596	0.11191580946700774	T4_DYSBIOTIC	SYN_FRAGILE	SYN_carb_RESILIENT	BA_LOW	TRP_LOW	PROT_LOW	MUC_HIGH	HIS_LOW	TMA_HIGH	UREM_MID	IRON_MID	LPS_HIGH	ETU_MID	HYS_MID	T4_DYSBIOTIC × SYN_FRAGILE × SYN_carb_RESILIENT
sample_250	0.9592521031457217	1.1002859086454089	0.17001300221659357	1.096432845773299	0.48052488975204405	0.3408131557163898	0.16740595927035135	0.1627410775497773	-1.2376387975911394	0.1612890244201773	-0.6087212630791274	-1.3017955624112842	-0.8065576705779073	-1.060281053122646	T1_EUBIOTIC	SYN_RESILIENT	SYN_carb_PARTIAL	BA_HIGH	TRP_HIGH	PROT_MID	MUC_MID	HIS_MID	TMA_LOW	UREM_MID	IRON_LOW	LPS_LOW	ETU_LOW	HYS_LOW	T1_EUBIOTIC × SYN_RESILIENT × SYN_carb_PARTIAL
sample_251	0.12369659694017933	0.5230912325128768	-1.6514153179327562	0.574274088522687	-0.25498728094839507	0.33749558375212174	-0.07951102580603112	-0.3679111769984496	-0.3553342997182111	0.8453902079651131	0.5603571627245219	-0.5639207023825964	-0.8065576705779073	0.42493479558207836	T2_PRESERVED	SYN_RESILIENT	SYN_carb_FRAGILE	BA_HIGH	TRP_MID	PROT_MID	MUC_MID	HIS_LOW	TMA_MID	UREM_HIGH	IRON_HIGH	LPS_LOW	ETU_LOW	HYS_MID	T2_PRESERVED × SYN_RESILIENT × SYN_carb_FRAGILE
sample_252	-0.4060167752905051	-0.624708105073526	0.8425336081895171	0.10481653530336026	-1.508753485144279	-0.2640561871593846	0.08959596506230211	1.3381520598493009	0.4283994045704597	-0.5030527078033372	1.2895975170049039	-0.08494287060584638	-0.32943879235142093	0.4747233216422381	T3_ALTERED	SYN_FRAGILE	SYN_carb_RESILIENT	BA_MID	TRP_LOW	PROT_LOW	MUC_MID	HIS_HIGH	TMA_HIGH	UREM_LOW	IRON_HIGH	LPS_MID	ETU_LOW	HYS_HIGH	T3_ALTERED × SYN_FRAGILE × SYN_carb_RESILIENT
sample_253	-1.6891353980341635	-1.8523199187933936	0.9105288827282093	-1.9067711721795793	-0.4652703189839272	-1.4361131306567712	0.021143173727383925	-0.6906655421649286	-0.7446746582144745	-0.22200928925881253	-0.12456550311604192	1.0819701355030085	-0.12564941191007556	-1.1064353459622598	T4_DYSBIOTIC	SYN_FRAGILE	SYN_carb_RESILIENT	BA_LOW	TRP_LOW	PROT_LOW	MUC_MID	HIS_LOW	TMA_LOW	UREM_LOW	IRON_MID	LPS_HIGH	ETU_MID	HYS_LOW	T4_DYSBIOTIC × SYN_FRAGILE × SYN_carb_RESILIENT
sample_254	0.6638203419232228	1.1846350204220388	1.2482299280249016	1.2557639204662483	-0.3982557718014158	0.5964082729653083	-0.9796894030508698	0.14405011231566037	-0.4856024039954636	-0.04353347782606324	-3.3096620306864906	-0.9381648434512657	-1.6077160156136852	0.14223132453420861	T1_EUBIOTIC	SYN_RESILIENT	SYN_carb_RESILIENT	BA_HIGH	TRP_LOW	PROT_HIGH	MUC_LOW	HIS_MID	TMA_LOW	UREM_MID	IRON_LOW	LPS_LOW	ETU_LOW	HYS_MID	T1_EUBIOTIC × SYN_RESILIENT × SYN_carb_RESILIENT
sample_255	0.2739273184870492	0.22098088735510021	1.1916433767249108	0.4028160567099248	-1.725867470400781	-0.3916475875033655	0.5319936123225194	1.7130136546472814	0.9852023312239467	0.21554630146754378	-0.12456550311604192	-0.8762904010880924	-0.12564941191007556	0.6876352303253174	T2_PRESERVED	SYN_PARTIAL	SYN_carb_RESILIENT	BA_MID	TRP_LOW	PROT_LOW	MUC_HIGH	HIS_HIGH	TMA_HIGH	UREM_MID	IRON_MID	LPS_LOW	ETU_MID	HYS_HIGH	T2_PRESERVED × SYN_PARTIAL × SYN_carb_RESILIENT
sample_256	-0.5816896789330085	-0.6308754260836534	-0.32607944923326093	-0.5877190854829013	-0.3674943585157012	0.843966540560718	0.12463421288801738	1.1523274007013544	-1.3481176911942208	0.0838634400757512	1.0305363166992174	-0.546506102754059	-0.43911258276389176	-0.237070444136585	T4_DYSBIOTIC	SYN_FRAGILE	SYN_carb_PARTIAL	BA_LOW	TRP_LOW	PROT_HIGH	MUC_MID	HIS_HIGH	TMA_LOW	UREM_MID	IRON_HIGH	LPS_LOW	ETU_LOW	HYS_MID	T4_DYSBIOTIC × SYN_FRAGILE × SYN_carb_PARTIAL
sample_257	-0.4111960268095618	-0.004390882041466899	0.40922276642238004	-0.040841168231284454	-0.29262088633405975	-0.12647786001778547	-0.8862872166171141	0.2649662311659525	1.0562174260788935	-0.6715582435732487	-1.6512758030656858	0.6507544950154835	-1.6077160156136852	0.7396513149157975	T3_ALTERED	SYN_PARTIAL	SYN_carb_PARTIAL	BA_MID	TRP_MID	PROT_MID	MUC_LOW	HIS_MID	TMA_HIGH	UREM_LOW	IRON_LOW	LPS_HIGH	ETU_LOW	HYS_HIGH	T3_ALTERED × SYN_PARTIAL × SYN_carb_PARTIAL
sample_258	0.26489405805313526	0.5106904437910719	0.5707139981847174	0.36153541319255494	1.3709679180595367	0.1256654764407143	-0.18472952228343606	-1.254536366879596	-0.8118549748793806	0.4435145690635894	0.7741606030413671	-0.2546595811436923	1.4514626231675378	1.0434102171736204	T2_PRESERVED	SYN_RESILIENT	SYN_carb_RESILIENT	BA_MID	TRP_HIGH	PROT_MID	MUC_MID	HIS_LOW	TMA_LOW	UREM_MID	IRON_HIGH	LPS_LOW	ETU_HIGH	HYS_HIGH	T2_PRESERVED × SYN_RESILIENT × SYN_carb_RESILIENT
sample_259	-0.025532461668138114	0.35827162453634537	0.11434813257343768	0.10162691026206377	-0.9018034581342217	0.7399118170236292	1.4131830284719935	-0.910232711346632	-2.6130150362040685	0.24904397248253157	1.529235822949284	0.08370682766907374	0.8051346892078611	0.44548603566736816	T3_ALTERED	SYN_PARTIAL	SYN_carb_PARTIAL	BA_MID	TRP_LOW	PROT_HIGH	MUC_HIGH	HIS_LOW	TMA_LOW	UREM_MID	IRON_HIGH	LPS_MID	ETU_HIGH	HYS_HIGH	T3_ALTERED × SYN_PARTIAL × SYN_carb_PARTIAL
sample_260	1.288558005111023	1.4132540240338625	1.0667492501819433	0.869747624103257	0.4575862177481397	1.448052848398597	0.458326147871873	0.005468688586704312	-0.12869448736078956	-2.6782378073248503	-0.3053679914382011	0.16529247450405438	-0.32943879235142093	0.6778187297377559	T1_EUBIOTIC	SYN_RESILIENT	SYN_carb_RESILIENT	BA_HIGH	TRP_MID	PROT_HIGH	MUC_MID	HIS_MID	TMA_MID	UREM_LOW	IRON_LOW	LPS_MID	ETU_LOW	HYS_HIGH	T1_EUBIOTIC × SYN_RESILIENT × SYN_carb_RESILIENT
sample_261	0.1366093192868504	0.19644156201528612	1.4602322018787335	0.20029616372833142	-1.0832279649428136	1.4294294954207678	2.2432787758169326	-1.3868052072871244	0.6176603242988816	1.0712084368032442	1.0841983222381733	0.3781120491640141	1.4044679811241272	0.20648932695262978	T2_PRESERVED	SYN_PARTIAL	SYN_carb_RESILIENT	BA_MID	TRP_LOW	PROT_HIGH	MUC_HIGH	HIS_LOW	TMA_HIGH	UREM_HIGH	IRON_HIGH	LPS_MID	ETU_HIGH	HYS_MID	T2_PRESERVED × SYN_PARTIAL × SYN_carb_RESILIENT
sample_262	0.12329064562430096	0.36544985410288433	-0.8290186380088174	0.11884889206048581	0.6688721977916928	0.1980312893928215	0.11312344892332282	-0.7751516430195566	-0.6149119792092302	-1.6748980254490498	-1.5436897714664424	-0.24474982615721302	0.8051346892078611	-2.9478476269315443	T2_PRESERVED	SYN_PARTIAL	SYN_carb_FRAGILE	BA_MID	TRP_HIGH	PROT_MID	MUC_MID	HIS_LOW	TMA_LOW	UREM_LOW	IRON_LOW	LPS_LOW	ETU_HIGH	HYS_LOW	T2_PRESERVED × SYN_PARTIAL × SYN_carb_FRAGILE
sample_263	-0.32018878589163124	-0.03387537555767651	-0.10972694438646748	0.21465229344175346	-0.19056294946011654	-0.8207608938403393	0.5891204642632331	-0.7471655413945976	-0.17974541548139253	0.24193087056380122	-0.3498949442575924	0.34681704903898664	-0.43911258276389176	0.33762882161612073	T3_ALTERED	SYN_PARTIAL	SYN_carb_PARTIAL	BA_MID	TRP_MID	PROT_LOW	MUC_HIGH	HIS_LOW	TMA_MID	UREM_MID	IRON_LOW	LPS_MID	ETU_LOW	HYS_MID	T3_ALTERED × SYN_PARTIAL × SYN_carb_PARTIAL
sample_264	0.5946598425038002	0.4735145056467193	0.0013151336267359088	0.8284820013916105	-0.7864467450543744	0.9529478184898881	-0.16597890377970412	-0.5500020111837569	0.020798822997693835	0.09442927770035166	0.34208796432971394	0.1383778280820523	-2.5741371106678206	0.258177179738613	T1_EUBIOTIC	SYN_PARTIAL	SYN_carb_PARTIAL	BA_HIGH	TRP_LOW	PROT_HIGH	MUC_MID	HIS_LOW	TMA_MID	UREM_MID	IRON_MID	LPS_MID	ETU_LOW	HYS_MID	T1_EUBIOTIC × SYN_PARTIAL × SYN_carb_PARTIAL
sample_265	-0.30368552728355125	-0.17400950924650635	0.7170734944493955	-0.22854304022047514	0.07157221301765485	0.003129015045270115	0.15298693886275658	0.737945181859883	0.5033014037064119	0.06786865492744266	0.2645695323490008	0.6221643775524701	0.060395716159867316	1.0035452566127343	T3_ALTERED	SYN_FRAGILE	SYN_carb_RESILIENT	BA_LOW	TRP_MID	PROT_MID	MUC_MID	HIS_HIGH	TMA_HIGH	UREM_MID	IRON_MID	LPS_HIGH	ETU_MID	HYS_HIGH	T3_ALTERED × SYN_FRAGILE × SYN_carb_RESILIENT
sample_266	-0.6827670600935195	-0.5883642351623191	-1.124403456392582	-0.799230584079142	-0.5770718273676623	-0.35001949020448736	0.7709241432772642	-0.6414104956155288	0.47095626287107195	-0.2024919599443672	0.7996191219949248	0.5052172220255043	0.3899960967393983	0.1985935572289635	T4_DYSBIOTIC	SYN_FRAGILE	SYN_carb_FRAGILE	BA_LOW	TRP_LOW	PROT_LOW	MUC_HIGH	HIS_LOW	TMA_HIGH	UREM_MID	IRON_HIGH	LPS_MID	ETU_MID	HYS_MID	T4_DYSBIOTIC × SYN_FRAGILE × SYN_carb_FRAGILE
sample_267	0.06869234306370263	-0.36260707040584234	-0.15485230718477375	-0.08225663718748961	-0.34861160568650806	-0.4211713355530384	1.2224891473341901	0.25314167723733866	-0.8743490298995725	0.8008478219314341	-0.9978562985441701	0.3915432882411078	0.31223588593180596	-0.11442542888610714	T2_PRESERVED	SYN_FRAGILE	SYN_carb_PARTIAL	BA_MID	TRP_LOW	PROT_LOW	MUC_HIGH	HIS_MID	TMA_LOW	UREM_HIGH	IRON_LOW	LPS_MID	ETU_MID	HYS_MID	T2_PRESERVED × SYN_FRAGILE × SYN_carb_PARTIAL
sample_268	-0.45503148097384244	-0.1328641487868792	-2.089436743285879	0.00924074619400684	1.9701779591961648	1.1025696487089132	0.7877501766855035	-0.22503931347131034	0.5672302929899697	0.4943097221748398	0.6409754778926764	0.7884816331571376	-0.12564941191007556	-1.2725661547917682	T3_ALTERED	SYN_PARTIAL	SYN_carb_FRAGILE	BA_MID	TRP_HIGH	PROT_HIGH	MUC_HIGH	HIS_MID	TMA_HIGH	UREM_HIGH	IRON_HIGH	LPS_HIGH	ETU_MID	HYS_LOW	T3_ALTERED × SYN_PARTIAL × SYN_carb_FRAGILE
sample_269	-0.3361565056946713	0.005851723499600881	0.07198479433139816	-0.2727608819625834	1.290712743208733	-0.5289974193451435	1.7308923033036945	0.5316622733864438	-0.42804608227885876	0.04626357731513013	1.8088063876293028	0.36697123880070787	-0.030603980536071645	0.33762882161612073	T3_ALTERED	SYN_PARTIAL	SYN_carb_PARTIAL	BA_LOW	TRP_HIGH	PROT_LOW	MUC_HIGH	HIS_HIGH	TMA_LOW	UREM_MID	IRON_HIGH	LPS_MID	ETU_MID	HYS_MID	T3_ALTERED × SYN_PARTIAL × SYN_carb_PARTIAL
sample_270	0.3529407666113501	-0.10205268122820356	-3.5271126875508036	0.31362323328328906	-0.8163931527804538	0.46113895150396766	-0.2118156320633626	-0.6233982196711467	-0.09285247649248071	-0.8420507574556241	1.1314431077428515	0.3442656285380283	1.1526278113521884	0.26832191213066986	T2_PRESERVED	SYN_PARTIAL	SYN_carb_FRAGILE	BA_MID	TRP_LOW	PROT_HIGH	MUC_MID	HIS_LOW	TMA_MID	UREM_LOW	IRON_HIGH	LPS_MID	ETU_HIGH	HYS_MID	T2_PRESERVED × SYN_PARTIAL × SYN_carb_FRAGILE
sample_271	0.596125026763937	0.5769574656237351	0.9582762200994447	0.1860290587954145	0.5002894067929343	-0.04890850788371115	0.27799421611729097	0.5823136831080842	0.5318267540339837	0.16128902442017862	0.5825160069444311	-0.160169773531361	0.14768008587506537	0.9122707225101292	T1_EUBIOTIC	SYN_RESILIENT	SYN_carb_RESILIENT	BA_MID	TRP_HIGH	PROT_MID	MUC_MID	HIS_HIGH	TMA_HIGH	UREM_MID	IRON_HIGH	LPS_MID	ETU_MID	HYS_HIGH	T1_EUBIOTIC × SYN_RESILIENT × SYN_carb_RESILIENT
sample_272	-0.398763137260312	-0.19312775934199872	-0.14676174441536527	-0.553632500813178	-1.1099073136916258	-0.7185149293433276	-0.6519104399733013	-0.4851561406239378	-0.3656450451870186	0.5777126584168916	0.48283873074380856	0.17305723037853454	0.5375145943863536	0.27337081919769957	T3_ALTERED	SYN_FRAGILE	SYN_carb_PARTIAL	BA_LOW	TRP_LOW	PROT_LOW	MUC_LOW	HIS_LOW	TMA_MID	UREM_HIGH	IRON_MID	LPS_MID	ETU_MID	HYS_MID	T3_ALTERED × SYN_FRAGILE × SYN_carb_PARTIAL
sample_273	-0.20988782286929025	0.16715951420483094	0.854138309462325	0.3220474438233109	0.615380077773249	1.0817356301232175	1.3220415863311117	0.280323423864555	1.4693410316008513	-0.10262385895493147	0.8035030380245243	0.5630968974219156	-0.2251171202264367	1.5139517531262214	T3_ALTERED	SYN_PARTIAL	SYN_carb_RESILIENT	BA_MID	TRP_HIGH	PROT_HIGH	MUC_HIGH	HIS_MID	TMA_HIGH	UREM_MID	IRON_HIGH	LPS_HIGH	ETU_LOW	HYS_HIGH	T3_ALTERED × SYN_PARTIAL × SYN_carb_RESILIENT
sample_274	-2.433188046003917	-2.777672052228986	-1.5568545560798555	-2.4538958299040323	1.3401249214746254	-1.2885250788887392	-1.9937302114684958	-1.3484768032720453	-1.502197315547599	0.25847406008602597	-0.48666313534000205	1.3505704534086171	-0.12564941191007556	-3.743288604221694	T4_DYSBIOTIC	SYN_FRAGILE	SYN_carb_FRAGILE	BA_LOW	TRP_HIGH	PROT_LOW	MUC_LOW	HIS_LOW	TMA_LOW	UREM_MID	IRON_LOW	LPS_HIGH	ETU_MID	HYS_LOW	T4_DYSBIOTIC × SYN_FRAGILE × SYN_carb_FRAGILE
sample_275	-1.5582825172316193	-1.7872866698950152	-0.9451074477002983	-1.6762093690205937	-2.049104745667451	-2.9575376141103527	-1.414394661768971	-0.8965295891673389	0.6810824096052731	-0.05808147292125252	0.1834443202274641	1.481177753658229	-0.32943879235142093	1.3076269584079367	T4_DYSBIOTIC	SYN_FRAGILE	SYN_carb_FRAGILE	BA_LOW	TRP_LOW	PROT_LOW	MUC_LOW	HIS_LOW	TMA_HIGH	UREM_MID	IRON_MID	LPS_HIGH	ETU_LOW	HYS_HIGH	T4_DYSBIOTIC × SYN_FRAGILE × SYN_carb_FRAGILE
sample_276	-0.3911323880077319	-0.03959663381281298	0.04290843998973306	-0.17864531207534662	1.2767542118432138	-0.26878397622250627	0.8243690188336941	0.1855268600992713	1.3600959506365828	-0.03199944606199308	-0.707373030531321	0.9399748838527	0.6076248144236842	-1.5240429179886028	T3_ALTERED	SYN_PARTIAL	SYN_carb_PARTIAL	BA_MID	TRP_HIGH	PROT_LOW	MUC_HIGH	HIS_MID	TMA_HIGH	UREM_MID	IRON_LOW	LPS_HIGH	ETU_HIGH	HYS_LOW	T3_ALTERED × SYN_PARTIAL × SYN_carb_PARTIAL
sample_277	1.1441765592234892	0.5720977639636626	-1.9424389754806735	0.7756596517612965	-1.1155734791449354	0.04832493411965661	-0.3999902633516771	1.233731448770458	0.9776881542417214	0.754891157985894	0.23794493005112763	-0.7466265283420287	-0.32943879235142093	0.45227955907075906	T1_EUBIOTIC	SYN_RESILIENT	SYN_carb_FRAGILE	BA_HIGH	TRP_LOW	PROT_MID	MUC_LOW	HIS_HIGH	TMA_HIGH	UREM_HIGH	IRON_MID	LPS_LOW	ETU_LOW	HYS_HIGH	T1_EUBIOTIC × SYN_RESILIENT × SYN_carb_FRAGILE
sample_278	0.9958008270809796	0.7338526027829926	-0.5471727608164012	1.4068793730109526	-1.6521015477730732	1.2094571856946232	0.9927245813991717	-2.1220578019448655	0.581225352304014	0.37144191860348136	-0.07250559008888947	-2.846813478896931	0.23154064358657503	-2.760887917311335	T1_EUBIOTIC	SYN_RESILIENT	SYN_carb_FRAGILE	BA_HIGH	TRP_LOW	PROT_HIGH	MUC_HIGH	HIS_LOW	TMA_HIGH	UREM_MID	IRON_MID	LPS_LOW	ETU_MID	HYS_LOW	T1_EUBIOTIC × SYN_RESILIENT × SYN_carb_FRAGILE
sample_279	-1.423932947465133	-1.7118326377614577	-0.728634978211545	-0.6771740043970975	0.6155395912946928	-0.9324116710480221	0.28205883887010724	0.8629026975550318	-1.0897777056843667	0.29100381844198653	1.3201543514636316	0.9904684979228291	0.6076248144236842	-0.8372463124541961	T4_DYSBIOTIC	SYN_FRAGILE	SYN_carb_FRAGILE	BA_LOW	TRP_HIGH	PROT_LOW	MUC_MID	HIS_HIGH	TMA_LOW	UREM_MID	IRON_HIGH	LPS_HIGH	ETU_HIGH	HYS_LOW	T4_DYSBIOTIC × SYN_FRAGILE × SYN_carb_FRAGILE
sample_280	-0.46884400759255507	-0.6204952277324949	-0.10426060713679136	-0.007210153668685839	-3.730359701661392	-1.3885095513165302	1.0286801968615675	0.19805989090364082	0.30922537851848725	0.22037940554904684	0.8247113185909886	-0.4004104090105468	0.060395716159867316	-0.8622600662140854	T3_ALTERED	SYN_FRAGILE	SYN_carb_PARTIAL	BA_MID	TRP_LOW	PROT_LOW	MUC_HIGH	HIS_MID	TMA_MID	UREM_MID	IRON_HIGH	LPS_LOW	ETU_MID	HYS_LOW	T3_ALTERED × SYN_FRAGILE × SYN_carb_PARTIAL
sample_281	-0.49268511905387546	-0.4990738766438835	0.9491682957020329	-0.3391810074310807	1.1309377984762492	-0.5969918467293609	-0.6696375886742576	-0.8073482953006483	0.038003597096940615	-0.6103249851801369	-1.8616362460618725	0.2752451427783108	0.14768008587506537	-0.37712586362934614	T4_DYSBIOTIC	SYN_FRAGILE	SYN_carb_RESILIENT	BA_LOW	TRP_HIGH	PROT_LOW	MUC_LOW	HIS_LOW	TMA_MID	UREM_LOW	IRON_LOW	LPS_MID	ETU_MID	HYS_LOW	T4_DYSBIOTIC × SYN_FRAGILE × SYN_carb_RESILIENT
sample_282	1.7916622575764516	1.3049826650961573	1.2555938531113344	1.064937422250222	-0.6048008178307558	0.9279707580275162	1.0611612761772824	-0.9716775244102072	-0.07215539981670366	0.12309384463383641	1.2283501250980846	-3.166688022244485	1.0429540209397177	-0.20300749065445625	T1_EUBIOTIC	SYN_RESILIENT	SYN_carb_RESILIENT	BA_HIGH	TRP_LOW	PROT_HIGH	MUC_HIGH	HIS_LOW	TMA_MID	UREM_MID	IRON_HIGH	LPS_LOW	ETU_HIGH	HYS_MID	T1_EUBIOTIC × SYN_RESILIENT × SYN_carb_RESILIENT
sample_283	-0.9913120295855833	-0.4468520409239154	-1.1578603711775863	-0.4276421174753172	0.7534785184199358	-0.03769567381053467	-0.45196926915121677	0.926038360593548	-1.5788796879724514	-2.1093034227065344	-0.08537559371696817	0.6828510151815	-0.32943879235142093	-0.2930885178033636	T4_DYSBIOTIC	SYN_FRAGILE	SYN_carb_FRAGILE	BA_LOW	TRP_HIGH	PROT_MID	MUC_LOW	HIS_HIGH	TMA_LOW	UREM_LOW	IRON_MID	LPS_HIGH	ETU_LOW	HYS_LOW	T4_DYSBIOTIC × SYN_FRAGILE × SYN_carb_FRAGILE
sample_284	-0.6802472307984664	-0.19367129190734597	-0.6382934613099601	-0.35336209130796975	-0.29363130996358267	-0.09194386234738015	-0.13157089983237802	-1.154223480487003	0.7027492108479192	0.8056863110971444	0.024141489734283816	0.8688479409855235	1.5424623198634757	0.37121296482329663	T4_DYSBIOTIC	SYN_FRAGILE	SYN_carb_FRAGILE	BA_LOW	TRP_MID	PROT_MID	MUC_MID	HIS_LOW	TMA_HIGH	UREM_HIGH	IRON_MID	LPS_HIGH	ETU_HIGH	HYS_MID	T4_DYSBIOTIC × SYN_FRAGILE × SYN_carb_FRAGILE
sample_285	1.4213416059679123	0.7862803331589359	-0.7341966396687435	0.8470142336763632	0.41148971548221724	1.481265840783664	-0.12169912139287697	1.9750605223152364	-0.04752208898973817	0.8794509165723399	-0.40332206831239836	-0.2748137709054136	-1.6077160156136852	-0.6946895656867819	T1_EUBIOTIC	SYN_RESILIENT	SYN_carb_FRAGILE	BA_HIGH	TRP_MID	PROT_HIGH	MUC_MID	HIS_HIGH	TMA_MID	UREM_HIGH	IRON_LOW	LPS_LOW	ETU_LOW	HYS_LOW	T1_EUBIOTIC × SYN_RESILIENT × SYN_carb_FRAGILE
sample_286	0.44849969835320486	0.4668232897567921	0.35503504058271207	0.7608054776265266	1.2133679964860091	0.39828462974383083	0.49152819426991734	-1.2154463428851066	0.6514799841713078	-0.6715582435732487	-1.1937446454004752	-0.35470249443146945	0.9273491028976409	-0.0672069144782769	T2_PRESERVED	SYN_PARTIAL	SYN_carb_PARTIAL	BA_HIGH	TRP_HIGH	PROT_MID	MUC_HIGH	HIS_LOW	TMA_HIGH	UREM_LOW	IRON_LOW	LPS_LOW	ETU_HIGH	HYS_MID	T2_PRESERVED × SYN_PARTIAL × SYN_carb_PARTIAL
sample_287	-0.2699548966791964	-0.2598509733280394	0.8246305759293402	0.2728474229750389	0.32328874898631255	-1.3372942013134304	0.4823844165383459	-1.1995319539685194	0.5943692359292673	0.39087191943142224	-0.7876197148879592	0.1668508132127382	1.1526278113521884	-0.8622600662140854	T3_ALTERED	SYN_FRAGILE	SYN_carb_RESILIENT	BA_MID	TRP_MID	PROT_LOW	MUC_HIGH	HIS_LOW	TMA_HIGH	UREM_MID	IRON_LOW	LPS_MID	ETU_HIGH	HYS_LOW	T3_ALTERED × SYN_FRAGILE × SYN_carb_RESILIENT
sample_288	0.15249774507895794	0.2223968177703948	1.1907637902865897	-0.5268210949675464	-0.10864612710109964	0.07576445326969956	-1.2389695843233743	0.13604644686909764	-0.7807233936735422	-0.4599571118227762	-0.7212685429078269	0.8428512308782535	0.5375145943863536	-0.29665406664623456	T2_PRESERVED	SYN_PARTIAL	SYN_carb_RESILIENT	BA_LOW	TRP_MID	PROT_MID	MUC_LOW	HIS_MID	TMA_LOW	UREM_LOW	IRON_LOW	LPS_HIGH	ETU_MID	HYS_LOW	T2_PRESERVED × SYN_PARTIAL × SYN_carb_RESILIENT
sample_289	-0.017770787916452254	0.46013167110346775	1.461055675557628	0.20717005499309024	0.36979515030392135	-0.2742630423346607	-0.4155242608064127	-0.7614783858685885	-0.0028309860805681443	1.3284043089250148	0.9396523909389349	-1.1342905020724734	0.741303974827698	-0.11762224755239382	T3_ALTERED	SYN_PARTIAL	SYN_carb_RESILIENT	BA_MID	TRP_MID	PROT_LOW	MUC_LOW	HIS_LOW	TMA_MID	UREM_HIGH	IRON_HIGH	LPS_LOW	ETU_HIGH	HYS_MID	T3_ALTERED × SYN_PARTIAL × SYN_carb_RESILIENT
sample_290	-0.16218186848789612	0.3438630358674363	-0.16719593169500677	0.9362505935449458	0.39476572977282187	0.8711079366488621	0.29803771170617377	-1.049996634996654	-0.16676014140196563	0.5395174786305493	0.797673915349906	0.328802767876104	-0.12564941191007556	1.0684239709335082	T3_ALTERED	SYN_PARTIAL	SYN_carb_PARTIAL	BA_HIGH	TRP_MID	PROT_HIGH	MUC_MID	HIS_LOW	TMA_MID	UREM_HIGH	IRON_HIGH	LPS_MID	ETU_MID	HYS_HIGH	T3_ALTERED × SYN_PARTIAL × SYN_carb_PARTIAL
sample_291	-0.030226349458055114	0.33227232002962953	-0.3581035324671011	0.3251685049476445	-0.5274275617037391	0.5101136371266958	-1.5233532438795778	0.5942642867891322	-0.8609380880777185	0.11533236047463848	1.8196717036283583	-0.07062611067651256	1.205424818257443	0.22216761929105755	T3_ALTERED	SYN_PARTIAL	SYN_carb_PARTIAL	BA_MID	TRP_LOW	PROT_HIGH	MUC_LOW	HIS_HIGH	TMA_LOW	UREM_MID	IRON_HIGH	LPS_MID	ETU_HIGH	HYS_MID	T3_ALTERED × SYN_PARTIAL × SYN_carb_PARTIAL
sample_292	-0.014433971986636509	-0.18912684548579542	0.7532120261211571	-0.1434896729732471	0.4842236781155456	-0.3916475875033655	-0.48436146940254016	-0.04017874481202954	0.04258346539450584	-4.938147450778849	-0.707373030531321	0.8688479409855235	-0.5547175008059686	-0.6765858561079745	T3_ALTERED	SYN_FRAGILE	SYN_carb_RESILIENT	BA_MID	TRP_HIGH	PROT_LOW	MUC_LOW	HIS_MID	TMA_MID	UREM_LOW	IRON_LOW	LPS_HIGH	ETU_LOW	HYS_LOW	T3_ALTERED × SYN_FRAGILE × SYN_carb_RESILIENT
sample_293	-1.6214957858677295	-1.3598848169502484	0.4906097795529511	-1.4235416958960845	0.7964907400481184	-2.7231980701770397	1.1887807852156975	-1.3332667530275653	-0.4737147131897064	0.603861997388868	0.3771168121777019	1.274198912546994	0.9273491028976409	-0.030388083060124565	T4_DYSBIOTIC	SYN_FRAGILE	SYN_carb_PARTIAL	BA_LOW	TRP_HIGH	PROT_LOW	MUC_HIGH	HIS_LOW	TMA_LOW	UREM_HIGH	IRON_MID	LPS_HIGH	ETU_HIGH	HYS_MID	T4_DYSBIOTIC × SYN_FRAGILE × SYN_carb_PARTIAL
sample_294	3.7360141857392453	1.7104383239406822	1.2125683150629192	1.9071111685754631	0.6212893515769844	2.742720611026441	0.6746522919373033	-1.9439258914979916	-0.38489101148654026	-0.014868910892578488	-2.284634046030589	-1.4400415456360813	0.060395716159867316	0.33762882161612073	T1_EUBIOTIC	SYN_RESILIENT	SYN_carb_RESILIENT	BA_HIGH	TRP_HIGH	PROT_HIGH	MUC_HIGH	HIS_LOW	TMA_MID	UREM_MID	IRON_LOW	LPS_LOW	ETU_MID	HYS_MID	T1_EUBIOTIC × SYN_RESILIENT × SYN_carb_RESILIENT
sample_295	0.018997480622749096	0.35944439312808085	0.6119321904998493	0.7685601195838607	-1.679836242803316	-0.5683738274700069	0.6920576551256722	1.4386826826304666	0.659544320228727	-0.9354711269483574	0.5013907948228943	0.5052172220255043	0.6755089331257023	0.8246365167396746	T2_PRESERVED	SYN_PARTIAL	SYN_carb_RESILIENT	BA_HIGH	TRP_LOW	PROT_LOW	MUC_HIGH	HIS_HIGH	TMA_HIGH	UREM_LOW	IRON_MID	LPS_MID	ETU_HIGH	HYS_HIGH	T2_PRESERVED × SYN_PARTIAL × SYN_carb_RESILIENT
sample_296	-0.2538688085760325	-0.3644189359295816	-1.73451612883472	0.20412688034301854	-0.30140080125215457	-0.4721019521256158	-0.2677036437252524	-0.7152832769129951	-0.5086376159761729	-2.1093034227065344	-1.8174850884333411	-1.0764108266760621	0.8051346892078611	-1.3589910483134404	T3_ALTERED	SYN_FRAGILE	SYN_carb_FRAGILE	BA_MID	TRP_MID	PROT_LOW	MUC_MID	HIS_LOW	TMA_LOW	UREM_LOW	IRON_LOW	LPS_LOW	ETU_HIGH	HYS_LOW	T3_ALTERED × SYN_FRAGILE × SYN_carb_FRAGILE
sample_297	-0.45646745966238683	-0.1408580570177286	-1.2070389218328896	-0.3311825389317324	1.2516151783186908	-0.37356775621279736	-0.3547209602763509	0.5881907190170786	1.8436736620760934	0.22037940554904684	-0.021954874539266537	0.7884816331571376	-2.5741371106678206	-1.3727013295483699	T3_ALTERED	SYN_PARTIAL	SYN_carb_FRAGILE	BA_LOW	TRP_HIGH	PROT_LOW	MUC_LOW	HIS_HIGH	TMA_HIGH	UREM_MID	IRON_MID	LPS_HIGH	ETU_LOW	HYS_LOW	T3_ALTERED × SYN_PARTIAL × SYN_carb_FRAGILE
sample_298	0.10998648896750017	0.3596422408893069	-1.5302506318441262	0.5316692608919851	1.3546077761820547	-0.10834179059651608	0.7018648440368366	-0.2072627859524627	-0.06167816943438015	0.6813454255794388	-0.8415836644284374	-0.9819210190637307	-0.32943879235142093	0.4272310384900737	T2_PRESERVED	SYN_PARTIAL	SYN_carb_FRAGILE	BA_HIGH	TRP_HIGH	PROT_MID	MUC_HIGH	HIS_MID	TMA_MID	UREM_HIGH	IRON_LOW	LPS_LOW	ETU_LOW	HYS_MID	T2_PRESERVED × SYN_PARTIAL × SYN_carb_FRAGILE
sample_299	1.283986552915611	1.1373487647356872	0.19795609663370278	0.9328637854003141	-0.09698448111575292	0.3452697842716235	-0.26973060460207965	0.41070773382282605	0.08311575296872556	0.6813454255794388	-0.15119010541391512	-2.846813478896931	-1.2505259601170347	0.4272310384900737	T1_EUBIOTIC	SYN_RESILIENT	SYN_carb_PARTIAL	BA_HIGH	TRP_MID	PROT_MID	MUC_MID	HIS_MID	TMA_MID	UREM_HIGH	IRON_MID	LPS_LOW	ETU_LOW	HYS_MID	T1_EUBIOTIC × SYN_RESILIENT × SYN_carb_PARTIAL
sample_300	-0.4805130109166138	-0.3577293807230236	1.137241586757065	-0.3021696341178123	0.1612420874339947	0.5024898308292182	-0.21819002100731272	-0.38433132749481175	-1.0819512908842694	-0.33787217539655556	-0.29077478848369726	0.5052172220255043	-0.2251171202264367	-0.17294482982753875	T3_ALTERED	SYN_FRAGILE	SYN_carb_RESILIENT	BA_LOW	TRP_MID	PROT_HIGH	MUC_MID	HIS_LOW	TMA_LOW	UREM_LOW	IRON_LOW	LPS_MID	ETU_LOW	HYS_MID	T3_ALTERED × SYN_FRAGILE × SYN_carb_RESILIENT
